node1,node2,flow
1,4,0.304838638821744
1,5,-0.048749924145331
1,8,-0.331075101529418
1,12,-0.105841139779863
1,14,-0.36903322097963
1,19,-0.163441622920276
1,21,-0.107765916039308
1,24,-0.228019561196897
1,30,-0.766322304287886
1,31,-0.535682340262407
1,35,0.0301670725792619
1,36,-0.0857216214266275
1,39,-0.0915664643764702
1,42,-0.149373158016369
1,43,0.276050747403216
1,52,-0.125480672502772
1,62,-0.235430927348846
1,74,-0.0444125852693414
1,75,-0.0967846412433572
1,76,-0.485426640653338
1,77,-0.390149431349452
1,81,-0.0312581632317209
1,82,-0.0962038590417919
1,85,-0.257246892780475
1,90,-0.0957954348763158
1,96,0.00585926929279
1,110,-0.214994996105181
1,114,-0.2932657816145
1,115,-0.0038398398541964
1,119,-0.315685367463193
1,120,-0.325958573575108
2,6,0.0432224357713596
2,9,0.262155031569835
2,12,0.0376535248377941
2,13,0.311461212803831
2,27,-0.382803218589315
2,29,-0.162368052696522
2,30,-0.755503997650581
2,39,0.0508159870085528
2,40,0.139539664743034
2,45,-0.0004640167515335
2,49,0.363353917126115
2,54,0.0473398072917281
2,55,-0.333883842802589
2,65,-0.233354138763874
2,67,-0.343079420999548
2,77,-0.307452023820218
2,85,-0.146576784517422
2,95,-0.172208526358855
2,102,-0.112191091385375
2,114,-0.176163048077498
3,5,-0.0588449499284217
3,7,-0.229361399711874
3,8,-0.369667435491953
3,10,-0.522128515644043
3,13,0.142186478659238
3,15,0.177303851826257
3,24,-0.255460120680303
3,31,-0.590657376761248
3,40,-0.0179579640748283
3,46,0.128132966130124
3,49,0.177826105771873
3,50,-0.546283026903921
3,55,-0.470853854919586
3,58,-0.271971575211721
3,60,-0.511130603288255
3,61,-0.0332870756035598
3,69,-0.469124946423267
3,78,-0.244346148493089
3,81,-0.0391900958836638
3,91,-0.623416553864543
3,98,-0.10860524842685
3,99,0.0237356263724809
3,100,-0.358348946653165
3,114,-0.333978922903405
3,117,-0.411026304258058
4,5,-0.373473860603601
4,6,-0.461385238809546
4,9,-0.241970785331679
4,14,-0.772556611871791
4,17,-0.541011795878735
4,34,-0.207260148234742
4,36,-0.442045477670112
4,46,-0.190801745985628
4,53,-0.599084845041087
4,55,-0.85045833449755
4,57,-0.841081734658007
4,65,-0.718993487957213
4,69,-0.823676842663188
4,72,-0.550452735062315
4,78,-0.588164662861471
4,90,-0.419997464411832
4,102,-0.581665160730434
4,110,-0.554614845427894
4,115,-0.315389922989202
4,117,-0.788458723020225
4,124,-0.172112075333606
5,8,-0.292023374355527
5,10,-0.441064408470288
5,11,-0.404149204127935
5,26,-0.206139445304601
5,31,-0.507268389327542
5,32,-0.0417678514642635
5,41,-0.0262756111261667
5,43,0.336854334413718
5,47,-0.396541308480603
5,48,-0.127518544503424
5,50,-0.461186341974368
5,54,-0.0438649742276126
5,75,-0.0465304717843618
5,77,-0.355465357466927
5,89,-0.122647664726065
5,90,-0.0509256232022256
5,93,-0.0743708324972721
5,97,-0.114586190759421
5,100,-0.28809023466591
5,104,-0.126574437295296
5,108,0.0385902107413117
5,112,-0.17456761068506
5,117,-0.323391547048201
5,121,-0.144848265395091
5,124,0.195205415315496
6,11,-0.384785729109508
6,14,-0.305629378764548
6,15,0.304388204304834
6,17,-0.137617307117765
6,19,-0.0750332202064649
6,21,-0.0059731497946978
6,27,-0.405071067493407
6,28,-0.140237425075079
6,38,0.112953564825258
6,51,-0.324199144287861
6,75,0.0056644250233781
6,82,0.0081290701064282
6,83,-0.0950265226717139
6,86,0.006302830289897
6,98,0.0039713531534741
6,99,0.142524929076354
6,101,0.141934448408073
6,102,-0.147390500247261
6,113,0.162303032776178
6,118,-0.0022777882843301
6,119,-0.246400776206762
7,11,-0.296352077725481
7,15,0.423012391036788
7,16,-0.174148009177229
7,17,-0.0466565716401438
7,18,-0.102174834169412
7,35,0.238822434218573
7,42,0.038102151863205
7,45,0.0627757886383941
7,50,-0.357251561316916
7,53,-0.0679475425468766
7,54,0.106803830968117
7,60,-0.335347086265205
7,63,0.121891846798848
7,79,-0.308429731598226
7,81,0.171116291147706
7,84,0.561981402067759
7,90,0.0905718619938065
7,101,0.241870046310002
7,123,0.0680601274500251
7,124,0.37498613621178
8,10,-0.173226996353553
8,12,0.25107255906444
8,13,0.490678512051008
8,20,0.0160629410367518
8,21,0.255158095344584
8,23,0.0244113566464498
8,24,0.0921271572820308
8,30,-0.508423757511496
8,33,0.208541117015446
8,34,0.417885664915019
8,37,0.363066918468898
8,48,0.146791981123939
8,56,-0.237799954379644
8,70,0.207111186782434
8,89,0.185498221455587
8,109,0.329029914288295
8,112,0.0860667420168182
8,113,0.392191476645484
8,120,-0.0166804305807345
8,124,0.507646748851755
8,125,0.356472522854455
9,13,0.0622487196453329
9,14,-0.508363289482455
9,15,0.0943077567014018
9,16,-0.476803861653382
9,17,-0.317450589616257
9,18,-0.390335295232331
9,25,-0.335656893868428
9,30,-0.936853549917171
9,34,0.0066516585013821
9,39,-0.194453059445501
9,50,-0.640700309990129
9,54,-0.191322902740483
9,56,-0.6724009328931
9,65,-0.460076705719129
9,86,-0.198205421510592
9,96,-0.084520463075431
9,102,-0.340433346366545
9,115,-0.092388328938964
9,121,-0.300846058399774
9,122,0.299605853807493
9,123,-0.223367016137585
9,125,-0.0981470991783814
10,12,0.412359064879953
10,13,0.628749319494303
10,15,0.702911288454744
10,17,0.242620871378981
10,18,0.213119848047741
10,19,0.327873183738343
10,22,0.498551848917943
10,23,0.202573435588113
10,28,0.28658010721665
10,45,0.373549777390693
10,54,0.40327162111864
10,59,0.413999081161963
10,80,0.704476527136404
10,82,0.439880014460916
10,85,0.250657566755313
10,91,-0.0534995938402101
10,102,0.260964285661883
10,103,0.603325564903057
10,107,0.329508122430872
10,109,0.479837862635371
10,113,0.530380658286205
10,115,0.473461628043485
10,121,0.307772279695685
10,124,0.652722780897205
11,13,0.590017680982993
11,14,0.103612136902395
11,16,0.132358382132782
11,17,0.2116587265622
11,18,0.178704565787927
11,19,0.291584198956769
11,20,0.154048338168061
11,22,0.460093399763264
11,27,-0.023434434871403
11,36,0.391545623627093
11,44,0.641576099904646
11,47,0.0257664036929435
11,51,0.0244527768309152
11,61,0.415739556409003
11,62,0.197597503959021
11,67,0.0221025395995035
11,80,0.664548092587257
11,88,0.439177022149417
11,107,0.289525762399708
11,108,0.437110725328577
11,111,0.380401797494035
11,112,0.203281280940213
11,114,0.225584781125844
11,119,0.152042321381752
11,125,0.470493149061635
12,13,0.258757246878766
12,21,-0.0002325895382448
12,22,0.110055897053701
12,23,-0.235484740945517
12,24,-0.14333030683671
12,25,-0.127967562067162
12,40,0.0978781550417487
12,41,0.0300277862598129
12,42,-0.0545054329138314
12,50,-0.433010978188863
12,54,0.0105582517965836
12,65,-0.249303081220965
12,66,-0.0476248760399904
12,68,-0.338037805921777
12,77,-0.320666540477824
12,83,-0.0872636615761024
12,100,-0.251456419913162
12,103,0.168708317642527
12,108,0.097357461222144
12,109,0.0898978457618939
13,17,-0.350146958797161
13,18,-0.422176526674693
13,23,-0.484102098473838
13,25,-0.372181253247393
13,26,-0.397338469143292
13,40,-0.15216675024424
13,47,-0.590642057061408
13,51,-0.514370743204633
13,56,-0.681847402138579
13,60,-0.615038515178412
13,70,-0.219398993991281
13,71,-0.148637570322432
13,80,0.0733749652727795
13,84,0.175148668274183
13,90,-0.236362573380151
13,93,-0.275643626630567
13,94,-0.529542867122266
13,103,-0.119030292515142
13,106,-0.193542570610029
13,109,-0.162525091948734
13,111,-0.240885839018502
13,112,-0.351198890382499
14,16,0.0323401033818744
14,18,0.0876412059586891
14,22,0.390858262320235
14,23,0.065981640690525
14,25,0.15873390403467
14,27,-0.128225186380725
14,33,0.255754545053256
14,42,0.223615473698178
14,44,0.580523864672607
14,49,0.597902690387675
14,52,0.286749883156534
14,53,0.121409310034125
14,59,0.297170776306001
14,70,0.239129158117425
14,88,0.36887138277265
14,92,0.29540953142973
14,109,0.370179835387373
14,124,0.552761989148449
15,16,-0.573151516556197
15,18,-0.479006364270055
15,19,-0.358189845730148
15,22,-0.180496326521089
15,23,-0.551303048669859
15,24,-0.42941142706869
15,49,0.0034498789504063
15,50,-0.733051975275502
15,57,-0.675525278698745
15,71,-0.184725012131911
15,72,-0.39039371411613
15,75,-0.299024354465759
15,76,-0.714439694155648
15,91,-0.820381802221142
15,93,-0.326954634267358
15,99,-0.153603801578282
15,102,-0.429104415404269
15,111,-0.287106156032055
15,117,-0.61185608675035
16,19,0.181234043814068
16,21,0.267316125587975
16,24,0.0999335697989044
16,28,0.128525887176284
16,35,0.381282099936424
16,40,0.344993398352255
16,42,0.194208606148986
16,49,0.567091029769608
16,55,-0.0684978194779822
16,60,-0.174608390613084
16,73,0.501816766767989
16,74,0.285550533484945
16,78,0.13648075171225
16,98,0.264234642273307
16,100,-0.0173941281923294
16,110,0.105516949533905
16,120,-0.0106700665605086
16,122,0.782000799427957
17,22,0.22154830393629
17,28,0.0114371822527511
17,29,-0.0292527923539709
17,30,-0.539915716182855
17,31,-0.306086755349
17,34,0.291528645454183
17,35,0.242874058187159
17,37,0.229782683481109
17,46,0.350881435893234
17,49,0.393985002213602
17,50,-0.255548442270608
17,51,-0.171404715109401
17,58,-0.0007266065008042
17,61,0.187967680804011
17,66,0.0750150860106585
17,68,-0.187991718483473
17,71,0.217741359219247
17,72,0.0616410612111337
17,76,-0.259603308707666
17,80,0.42028331851707
17,84,0.518263020775022
17,102,-0.0001564333187319
17,108,0.204624224579176
17,121,0.0396455817977633
17,124,0.361795386791968
18,21,0.191284092173794
18,22,0.285432000870202
18,24,0.0408658727854974
18,26,0.0254495335853317
18,27,-0.200115988113324
18,28,0.0626751830319612
18,29,0.0207482079109183
18,32,0.199613199833999
18,44,0.442749184923344
18,51,-0.138398168076255
18,52,0.177269015512144
18,63,0.206501090790723
18,66,0.126778457724205
18,70,0.155581474404034
18,71,0.281376374146734
18,83,0.102723196305766
18,91,-0.285329523807332
18,101,0.308463983146156
18,111,0.199075127790166
18,125,0.290701070770064
19,20,-0.159121884343434
19,22,0.1706786651796
19,24,-0.0720137603833449
19,28,-0.0581413355079457
19,31,-0.394823940457823
19,56,-0.386879519229661
19,58,-0.0734370407134081
19,61,0.138338038727836
19,63,0.0856845722508156
19,68,-0.261839490684413
19,70,0.0569242784744881
19,72,-0.0068367037934784
19,75,0.079569089995422
19,82,0.0827778400356755
19,87,0.198750470109986
19,91,-0.41060176826545
19,98,0.0754186521918878
19,99,0.207040075243179
19,111,0.0803576090185456
19,120,-0.175824813816265
19,125,0.171983551998444
20,25,0.104912248567757
20,30,-0.531660663079382
20,31,-0.261896600090746
20,32,0.250287683434331
20,38,0.347108669375157
20,41,0.265472049880791
20,45,0.200196588477951
20,56,-0.257097575641702
20,66,0.168903625901407
20,76,-0.211348398680289
20,84,0.67507467776382
20,88,0.31622481343564
20,92,0.239082519655363
20,95,0.01983483261288
20,96,0.333880836861263
20,103,0.428808271517848
20,105,0.393572498738827
20,112,0.072910542926942
20,116,0.644008278209858
20,122,0.758512871225885
21,25,-0.130124736330438
21,27,-0.397981687158233
21,32,0.0152506985361364
21,33,-0.0619822155399882
21,34,0.198773306361813
21,42,-0.0553098244343053
21,45,-0.0348403964202435
21,52,-0.0186652301169155
21,53,-0.157515988098359
21,59,0.0030282659670246
21,62,-0.153772767348172
21,66,-0.0481336670599165
21,69,-0.357885421202404
21,71,0.107641888088765
21,100,-0.255325303506565
21,108,0.0993422355857811
21,118,0.0034784715044651
22,24,-0.240522961189839
22,26,-0.25998246728487
22,33,-0.174631866038649
22,34,0.0893048890958996
22,35,0.0331137366794082
22,42,-0.157112321433892
22,52,-0.130846561688874
22,66,-0.146948553800587
22,71,-0.0040556267234681
22,75,-0.100648260961553
22,84,0.324942088179293
22,85,-0.271757395178342
22,97,-0.168590349227482
22,98,-0.0975107296602002
22,100,-0.341408173385987
22,101,0.0418805971296181
22,106,-0.035929123580662
22,112,-0.224631479955599
22,120,-0.34433401462276
23,27,-0.187585796919307
23,28,0.0988362880753316
23,29,0.054745054838956
23,32,0.246751503911016
23,48,0.128784140217955
23,54,0.234777714830263
23,66,0.164625371391562
23,70,0.194085434013202
23,76,-0.222288937501615
23,93,0.211303724925904
23,102,0.0806694890675336
23,107,0.142928794002122
23,111,0.243945290630156
23,121,0.128111183425597
23,122,0.763857688829969
23,125,0.34422873640898
24,25,0.021636661535918
24,27,-0.237310144849039
24,28,0.0194746923348885
24,30,-0.564616302002121
24,33,0.0973015093353688
24,36,0.162616458985855
24,37,0.250825211806656
24,40,0.227176089032102
24,44,0.390292055623839
24,55,-0.166921104978543
24,58,0.0062069489561616
24,61,0.204564679301007
24,64,0.25934555082112
24,70,0.116018584634057
24,84,0.553799182935079
24,90,0.130985153128824
24,97,0.0820289799924603
24,116,0.517760206817394
24,121,0.0486076626598311
25,26,-0.0380495502265954
25,32,0.140216537753097
25,37,0.241480086754916
25,39,0.138815779415223
25,53,-0.0308152488562286
25,59,0.130160989685936
25,67,-0.227957899563912
25,70,0.102878989609285
25,79,-0.254196566394259
25,85,-0.0395130757673641
25,98,0.133327072043272
25,102,-0.0149675393250615
25,104,0.0394759354114041
25,105,0.279575881539592
25,113,0.278169245761156
25,115,0.215686474879123
25,122,0.629900224131934
25,123,0.0956583478392126
26,30,-0.557224814208172
26,31,-0.305520138352552
26,32,0.173505373031683
26,35,0.282292404566048
26,36,0.180982880738334
26,39,0.17236519712093
26,46,0.400529245956854
26,48,0.0705122085207162
26,49,0.448157358985455
26,51,-0.161637600138785
26,54,0.164702239485567
26,68,-0.178460925973914
26,71,0.255926840561402
26,72,0.0893444792346135
26,77,-0.148481693478636
26,82,0.180854570495397
26,83,0.0766153695034498
26,86,0.175439449104361
26,88,0.236122670008865
26,97,0.0992853401588296
26,99,0.299649767212483
26,114,-0.0088478050962056
27,28,0.270050806003401
27,34,0.533582808174418
27,35,0.490121019574691
27,37,0.49076906086115
27,38,0.484325598910843
27,39,0.398922526220669
27,41,0.415367539546346
27,47,0.0503123410059106
27,51,0.0449267925894991
27,57,0.040146930941668
27,58,0.260884051296526
27,62,0.217441986771224
27,71,0.473654944465585
27,98,0.389464417442055
27,99,0.522625888615752
27,101,0.487000250901155
27,110,0.238085978859233
27,112,0.222324698980497
27,115,0.454740710755146
27,116,0.761118034260992
27,123,0.347993284281224
28,29,-0.0476772706885578
28,31,-0.355943542705816
28,39,0.143097163135065
28,40,0.22173376954357
28,62,-0.0316051845567435
28,63,0.151189594684391
28,66,0.072597554112132
28,73,0.379786869509032
28,80,0.460351161934683
28,83,0.0425972292031978
28,99,0.276298086287658
28,104,0.0428107667905223
28,111,0.142795731833885
28,121,0.031660651314775
28,122,0.642408741117239
29,34,0.368101825295662
29,35,0.31680981943561
29,38,0.300648569082134
29,39,0.197023007625275
29,40,0.276541552251933
29,41,0.214053206278649
29,42,0.119528778121698
29,51,-0.168883112703281
29,53,0.0134790837116168
29,60,-0.257359701048168
29,70,0.153165089389577
29,89,0.116228278286245
29,104,0.088099099429753
29,110,0.0318944487046735
29,113,0.341089382527185
29,115,0.274847869319915
30,32,0.742574063974384
30,34,0.842659351189705
30,35,0.808003170667761
30,37,0.828185095675078
30,38,0.81659636747429
30,42,0.657287070634507
30,43,1.07103238639115
30,46,0.963000952087626
30,48,0.602803820161432
30,49,1.00871802434231
30,51,0.34182757097834
30,54,0.717158140863895
30,57,0.382898923993357
30,70,0.615933007889435
30,84,1.10257775427582
30,90,0.678188978677844
30,91,0.299352214293151
30,106,0.855439751417785
30,107,0.664864379983784
30,110,0.555968129952304
30,122,1.21167343178797
31,33,0.457383861927728
31,34,0.61693994838119
31,35,0.575100289319808
31,38,0.572545787977526
31,40,0.547349716103573
31,47,0.12807403629253
31,57,0.117110124010633
31,60,0.051919076315784
31,66,0.395037998839812
31,68,0.110401226657718
31,75,0.500587574429603
31,83,0.391423454037707
31,86,0.495164050006183
31,87,0.599752584457847
31,92,0.485552425175312
31,96,0.555202508189894
31,97,0.414093424693087
31,107,0.399738855542054
31,113,0.59449624465209
32,34,0.180046912242118
32,36,0.003567360541379
32,39,-0.0014007583378739
32,41,0.015316665855986
32,43,0.392138316610299
32,51,-0.32043821139004
32,60,-0.413791043267161
32,68,-0.3465687230939
32,81,0.0597557526017226
32,84,0.426871993472541
32,90,-0.0132102350833306
32,92,-0.0192389306035107
32,94,-0.300963920839223
32,105,0.139359343786495
32,111,-0.0013883435156029
32,117,-0.294408612451583
32,119,-0.246637975103189
33,40,0.160273178171013
33,45,0.0221690340667678
33,46,0.330321836792531
33,75,0.0739245529385877
33,76,-0.401723342233427
33,80,0.41708980812149
33,81,0.135613986021351
33,85,-0.123251752290493
33,88,0.148378053206499
33,90,0.0541016462629349
33,92,0.05730273996863
33,94,-0.252820682851465
33,107,-0.0377444277620798
33,110,-0.084692060194391
34,35,-0.0560107822696823
34,38,-0.0830278054633609
34,39,-0.180618179955606
34,41,-0.164355348776897
34,42,-0.235684436753706
34,43,0.186088094330497
34,44,0.0045462656522123
34,45,-0.222228506106774
34,46,0.031350298804179
34,48,-0.252137774000991
34,72,-0.267198289702001
34,76,-0.566334220669191
34,78,-0.303549753211647
34,83,-0.269562012868029
34,84,0.215519385768172
34,87,-0.0663447282385395
34,93,-0.210149136885225
34,98,-0.182123720635545
34,100,-0.404727649100761
34,101,-0.0454168520086663
34,121,-0.275471866829526
35,38,-0.0265467327485031
35,40,-0.0419405007257684
35,42,-0.183560584464979
35,46,0.0921578560841605
35,48,-0.202074053246789
35,53,-0.274439803652331
35,55,-0.460650419324674
35,56,-0.564187192138631
35,58,-0.278267563513806
35,65,-0.363645893861807
35,79,-0.49411304213873
35,80,0.178807144457503
35,84,0.279273457931893
35,87,-0.0090313423973318
35,95,-0.30724212726639
35,96,-0.0255339390044417
35,112,-0.245116272430206
35,120,-0.362156184625883
35,124,0.106896386012746
36,38,0.0986478173010897
36,43,0.392212172640358
36,44,0.229401320827106
36,45,-0.0526348224215088
36,48,-0.101576549063518
36,53,-0.173887929816028
36,55,-0.36130725535882
36,57,-0.393827237275117
36,61,0.0588790427714922
36,62,-0.171680342678633
36,73,0.239711711387143
36,74,0.0333900467345572
36,78,-0.141922919332865
36,106,0.0645938287848423
36,112,-0.153571621439618
36,113,0.146837996542693
36,116,0.380127778072386
36,118,-0.0136717445114718
37,45,-0.15083242236305
37,49,0.175465316406453
37,50,-0.536736959317566
37,52,-0.142362464337998
37,60,-0.502995198333795
37,62,-0.256322413953251
37,67,-0.458026666471471
37,68,-0.435565146742806
37,70,-0.0993959860915021
37,75,-0.111168008623988
37,81,-0.0380852432524384
37,83,-0.202229690623364
37,87,0.0186733087231497
37,94,-0.403144514548026
37,104,-0.186965133778265
37,108,-0.0163148223521392
37,109,-0.0262656821463263
37,111,-0.104645231845483
37,123,-0.135274942101024
37,124,0.141079849666613
38,40,-0.0169083402955817
38,43,0.285140199598239
38,45,-0.147997106144192
38,46,0.125261585839022
38,47,-0.46200170835956
38,48,-0.185233463296829
38,50,-0.527863580902809
38,54,-0.102323410139406
38,55,-0.45185024980795
38,59,-0.115992782290116
38,63,-0.0995858484766677
38,65,-0.352901599149534
38,74,-0.0532042560179043
38,87,0.018606887955337
38,100,-0.347975177316893
38,107,-0.209266413923849
38,116,0.262374340025695
38,124,0.139302280186221
39,40,0.0836723496753046
39,41,0.0167174241938599
39,42,-0.0664724171771293
39,44,0.227215919048099
39,47,-0.370425747077049
39,48,-0.0929055649785206
39,57,-0.382252902179492
39,68,-0.345892064561816
39,71,0.0913417529118028
39,96,0.0979384165436041
39,97,-0.0757920071338243
39,104,-0.0906734459893389
39,107,-0.105735704230571
39,111,1.24148222709654e-05
39,117,-0.292250953701203
40,42,-0.144779959162825
40,43,0.29752391826223
40,45,-0.128017308089876
40,47,-0.437428294334196
40,48,-0.166492326305613
40,49,0.187662923351984
40,53,-0.238601021177521
40,62,-0.234461931282214
40,63,-0.080173579997098
40,80,0.226697161848503
40,82,-0.0874115604810183
40,90,-0.0898994050044145
40,98,-0.0860291721441819
40,100,-0.327064016468099
40,112,-0.212539605005423
41,42,-0.0830490787233158
41,43,0.376592847986647
41,48,-0.109287907390374
41,51,-0.33625827356028
41,53,-0.18170755729675
41,57,-0.398970326373352
41,63,-0.0112538441616254
41,67,-0.378850208004433
41,74,0.0243124430809362
41,89,-0.0988340384248566
41,96,0.0814934032179263
41,104,-0.107118459315017
41,105,0.124042677930509
41,113,0.135566424350027
41,120,-0.277418827066985
41,122,0.471904875804959
41,125,0.0781751606726453
42,45,0.0213777740298398
42,49,0.342264579041655
42,52,0.0391870207320106
42,54,0.0618320936345897
42,62,-0.096695707267846
42,70,0.0422308905575416
42,71,0.153056694710424
42,82,0.0699680897136599
42,95,-0.136955809743731
42,98,0.0619909744664646
42,108,0.142359206200631
42,110,-0.0758296059612992
42,123,0.0281557323309002
43,45,-0.436661018452925
43,50,-0.805121567617052
43,53,-0.536773349410459
43,54,-0.384578426208635
43,56,-0.827204570156568
43,57,-0.751813456591325
43,58,-0.555297366371177
43,61,-0.305835980021915
43,65,-0.638586446248184
43,82,-0.411177761981802
43,84,0.0315453678846701
43,88,-0.323387433436016
43,90,-0.378271110350134
43,101,-0.23267065160376
43,103,-0.28097680876266
43,106,-0.353127215646168
43,112,-0.488349344310323
43,115,-0.283837227179761
43,121,-0.488772566206253
43,125,-0.303277974270135
44,45,-0.280634923170412
44,47,-0.64556042637064
44,48,-0.316472949411639
44,51,-0.551412427414635
44,64,-0.0941339067904258
44,80,0.147353433838062
44,94,-0.577691286010223
44,100,-0.502799801955116
44,113,-0.0375984152186139
44,118,-0.252061387021154
44,125,-0.121058425744704
45,47,-0.323741365276621
45,48,-0.0499778521738387
45,56,-0.434202115201531
45,67,-0.317178903310957
45,68,-0.303634856294265
45,69,-0.312095934404387
45,71,0.136436396059092
45,73,0.285833053895552
45,94,-0.250872825882843
45,108,0.126495772216555
45,116,0.426133994494076
46,48,-0.310999404451395
46,53,-0.393294944586487
46,55,-0.608951303328407
46,56,-0.703227905768712
46,57,-0.617800677305588
46,58,-0.403843140401393
46,59,-0.250508118077871
46,64,-0.118300265532473
46,66,-0.277723410781009
46,67,-0.590437595294171
46,68,-0.560868604745777
46,74,-0.17139320450014
46,93,-0.273493625602043
46,96,-0.123388016271664
46,104,-0.311999878804607
46,112,-0.352434635848495
47,51,0.0011707080750857
47,54,0.35657165131113
47,58,0.222396610047945
47,61,0.408489711673317
47,63,0.381972658984969
47,70,0.300113821587135
47,73,0.586556559913868
47,75,0.380581474190591
47,77,0.0362277913378626
47,80,0.668896108843373
47,81,0.409265482518506
47,102,0.209816059143261
47,114,0.208427403473089
47,117,0.11088520353462
47,125,0.465318331943554
48,49,0.355813419192443
48,52,0.0684930284172465
48,55,-0.221673437652321
48,57,-0.260533857092784
48,58,-0.0518295625843075
48,61,0.14554680945122
48,63,0.0987819512930093
48,70,0.0625981037197473
48,71,0.174765366074998
48,92,0.0796596533353893
48,98,0.0875768172842299
48,101,0.205956091943581
48,105,0.224474743688978
48,116,0.445616998017762
48,118,0.0903773189612785
49,50,-0.724109132675794
49,51,-0.564459607760647
49,52,-0.332493939878873
49,55,-0.664616434480293
49,56,-0.74988234664339
49,59,-0.301297448418272
49,60,-0.675912889048299
49,62,-0.425355666230787
49,71,-0.184450408952722
49,79,-0.685655004498468
49,87,-0.156853976850271
49,92,-0.313032282089941
49,96,-0.169105088526343
50,52,0.430374858444671
50,55,0.126961961987621
50,56,-0.0601460954634453
50,59,0.435204405807636
50,60,-0.0070089659239754
50,62,0.243548256893537
50,68,0.0542337116193396
50,76,-0.0160652593719322
50,86,0.445883024667607
50,89,0.371967749658441
50,98,0.428583944605922
50,109,0.500813664433858
50,122,0.934943640253634
50,124,0.679532907994121
51,53,0.170002374737914
51,54,0.30910876447815
51,60,-0.060934067016695
51,61,0.356246045669715
51,62,0.156167175060253
51,64,0.412949425901101
51,70,0.261681438935448
51,71,0.391451062695187
51,73,0.511334645524668
51,76,-0.0698776022624647
51,81,0.355399223444065
51,83,0.234756753263839
51,84,0.67611296078833
51,88,0.373852634480593
51,93,0.300015594415912
51,95,0.121066987712822
51,108,0.373783056258289
51,110,0.176224130034051
51,112,0.164732535501466
51,115,0.377393186987055
51,123,0.276837018420086
52,53,-0.143275705134272
52,58,-0.136414161399225
52,60,-0.402891002352797
52,64,0.150890741200119
52,65,-0.241172661557267
52,74,0.0709861961434963
52,80,0.366279392287772
52,86,0.0304264705976265
52,91,-0.503462628828441
52,108,0.117719786059303
52,119,-0.226520500752956
52,120,-0.243742240694564
53,57,-0.204932261893991
53,61,0.215267047349077
53,62,-0.0058164880804936
53,66,0.0943775131723357
53,68,-0.186423514997038
53,72,0.0823948975356573
53,79,-0.215023466380811
53,81,0.213343370480972
53,88,0.228754671710642
53,94,-0.118192591762254
53,105,0.302003941846377
53,115,0.237588846111569
53,122,0.640934244474448
54,55,-0.33749976013808
54,57,-0.367535563593027
54,62,-0.155638141302673
54,63,0.007488698298874
54,64,0.112243937392269
54,83,-0.093222233565953
54,84,0.417660393329901
54,86,0.0028832978404799
54,87,0.122454376162676
54,93,-0.0293187495343026
54,96,0.0983749167179242
54,106,0.0683097289932982
54,114,-0.20024882256028
55,62,0.149108307250006
55,63,0.365729376752966
55,66,0.259398514677823
55,89,0.276042847974104
55,98,0.343337399174358
55,102,0.177968861460977
55,118,0.360696415526344
56,59,0.474637224234598
56,64,0.579045870506139
56,67,0.117397859872395
56,68,0.105683944184765
56,70,0.390719307987454
56,75,0.492116962809948
56,78,0.358053873295778
56,81,0.508016186605994
56,82,0.502625114778749
56,85,0.314278562030233
56,95,0.248248160908224
56,96,0.545214841051145
56,105,0.613585880282118
56,107,0.392574999873349
56,108,0.528940446484162
56,115,0.528084349708306
56,122,0.951796085440278
57,62,0.19099161005444
57,63,0.394258223710293
57,64,0.489522011366887
57,67,0.0077896111863078
57,69,0.0290964804492215
57,71,0.461404910556358
57,72,0.303698939938403
57,80,0.679061518907615
57,90,0.341015195420759
57,96,0.456714011822605
57,124,0.623793147549185
57,125,0.477145487045997
58,59,0.1524233830894
58,60,-0.277622927035701
58,61,0.215099402129248
58,64,0.275238019667339
58,65,-0.104753528860768
58,68,-0.209954488739973
58,70,0.121617452092171
58,77,-0.18176916675362
58,80,0.481141546486052
58,108,0.236439871447488
58,112,-0.0060250488322394
58,124,0.413146340897691
59,60,-0.407302674367303
59,61,0.0778425473527687
59,67,-0.356482058931039
59,69,-0.354619073312375
59,72,-0.0828535460368616
59,73,0.25867521596842
59,75,0.0085158136135092
59,76,-0.429738379659882
59,79,-0.391152967152714
59,81,0.0735464196225519
59,114,-0.204437584458793
59,119,-0.238556183299006
59,123,-0.0256033074790834
59,124,0.262782393581082
60,61,0.444984733987046
60,63,0.423471581178071
60,64,0.511512185471517
60,69,0.0855577949364124
60,70,0.338279517660844
60,71,0.486166383033689
60,73,0.610605121482109
60,81,0.445812069894981
60,82,0.43252233392323
60,101,0.498060289531625
60,103,0.588356225651632
60,106,0.503551133345511
60,110,0.252970684106911
60,120,0.153552805820243
60,121,0.307033728980005
60,123,0.362056521152713
61,64,0.0407096773506466
61,66,-0.11596873477203
61,68,-0.382974271258448
61,69,-0.399587426783659
61,70,-0.0689406097028867
61,71,0.0221579263329197
61,74,-0.0200593684696939
61,83,-0.156356257383684
61,84,0.336652519593592
61,102,-0.201665251368247
61,103,0.071085052581624
61,109,0.0086353154405604
61,110,-0.192014049880136
61,115,0.021845176813668
61,117,-0.33729065323111
61,118,-0.0758154277035009
62,70,0.126668813093583
62,74,0.187262842800241
62,76,-0.24736799868212
62,82,0.169413420954065
62,84,0.55195249073536
62,87,0.27521624380551
62,90,0.14122341242568
62,100,-0.0894425567467828
62,101,0.272057688865356
62,102,0.0194182840613233
62,104,0.0700850205746195
62,114,-0.0129424271134058
62,117,-0.0923348157165509
62,120,-0.0857537526179002
63,64,0.110236539453871
63,68,-0.35479046447384
63,72,-0.0996211622449487
63,73,0.242506309157651
63,76,-0.446063148968319
63,77,-0.339069662682507
63,97,-0.0827691078917775
63,103,0.147825330721623
63,106,0.0610439498443885
63,110,-0.147656874427596
63,113,0.150204856343866
64,66,-0.163356551252276
64,67,-0.466548582670853
64,68,-0.44408037925332
64,71,-0.0197217459582094
64,73,0.13469010517845
64,74,-0.061283323973779
64,76,-0.535752527029871
64,89,-0.198252581757837
64,94,-0.411671778405516
64,95,-0.305849075637355
64,96,-0.0093493046537411
64,113,0.0467373355607997
64,119,-0.356464780289739
64,123,-0.143795281115488
65,68,-0.119089779464382
65,72,0.174323365913306
65,78,0.125380485565071
65,79,-0.139361833765635
65,90,0.222950820043051
65,93,0.227429828153172
65,101,0.362252869523862
65,103,0.439715981244196
65,104,0.147605100357662
65,109,0.325166646339302
65,110,0.0922018125943953
65,111,0.257367995858194
65,115,0.324382758910296
65,116,0.647431182970321
65,122,0.759682559526622
66,70,0.0372590357690471
66,72,-0.0228176144638653
66,74,0.0928932263236586
66,75,0.0591867381373217
66,76,-0.346317304216491
66,78,-0.0637047973589533
66,79,-0.305642829059666
66,80,0.353739643331299
66,82,0.0622831288140721
66,92,0.0447062440879955
66,104,-0.027661513355052
66,105,0.191198750018592
66,112,-0.0794652837802323
66,116,0.411518052964001
66,119,-0.165548727010072
66,125,0.148222364471181
67,69,0.0192665471231692
67,70,0.294632282616682
67,72,0.285241593361077
67,73,0.572717664117893
67,77,0.0386014251095884
67,79,-0.0150843722767744
67,81,0.40029350127759
67,98,0.353427203523161
67,100,0.0845422321269175
67,104,0.253774857093399
67,107,0.270798668262429
67,108,0.421633189969686
67,111,0.362875650325166
67,113,0.480049839368017
67,115,0.422213184651551
67,116,0.73484918124685
68,69,0.0217326082152913
68,70,0.283700298863006
68,74,0.353804281445114
68,78,0.228539139081975
68,81,0.382656503281796
68,85,0.186632052921164
68,91,-0.103476564437492
68,92,0.339443207947259
68,95,0.135570160504196
68,98,0.337323840595229
68,114,0.194630665668758
68,122,0.795731324143076
68,123,0.299195323643699
69,73,0.58042009539931
69,76,-0.0978780134656869
69,77,0.0202072320076342
69,79,-0.0365338938403399
69,80,0.66392387327717
69,87,0.479533565085823
69,88,0.424230350307327
69,98,0.350950808918081
69,101,0.45893615822207
69,102,0.197023303696382
69,105,0.502445839854339
69,107,0.26433199853382
69,118,0.367959620481605
69,120,0.0783426657585063
70,73,0.220256632340416
70,77,-0.263545706705663
70,78,-0.0990883498825612
70,80,0.284793131006236
70,85,-0.137809060555557
70,93,-0.0099595429936687
70,94,-0.235634687980738
70,95,-0.160672995773052
70,98,0.0091763910692513
70,99,0.12497461304307
70,100,-0.206547997609286
70,108,0.0818531150157997
70,109,0.0802036540453264
70,113,0.144029793659244
71,72,-0.182762978651466
71,73,0.150668351895914
71,74,-0.043120227668323
71,75,-0.0963571848625658
71,82,-0.0957094293104856
71,89,-0.173670159332711
71,95,-0.283501564238375
71,107,-0.197205903750114
71,114,-0.305211053671954
72,74,0.12306758152317
72,75,0.0931677985908514
72,77,-0.249319153223195
72,81,0.148466417581106
72,82,0.0971965663591972
72,85,-0.0936944376072871
72,92,0.0772835262326561
72,100,-0.184374021982783
72,124,0.345596354428116
73,74,-0.181263205631879
73,78,-0.370894112755853
73,79,-0.612832144456566
73,83,-0.334423105624236
73,85,-0.413400935060747
73,86,-0.245352827736927
73,87,-0.124313262463913
73,89,-0.326692879945573
73,91,-0.726223336384116
73,102,-0.374491529597081
73,110,-0.357634437375198
73,111,-0.241502872192766
73,113,-0.0811025850334286
73,116,0.104328737567101
73,118,-0.262498768151096
73,122,0.204820426998263
74,75,-0.0437306442251685
74,76,-0.431912366590307
74,77,-0.335976795557885
74,81,0.0151512027021909
74,82,-0.0420508567682345
74,87,0.0717599240041846
74,88,0.0207307995867886
74,89,-0.115497567619526
74,90,-0.0491643344347181
74,92,-0.0578742554313801
74,93,-0.0680988019171096
74,95,-0.224140693465117
74,103,0.0946189395680284
74,107,-0.138514626156693
74,115,0.041612026846198
74,120,-0.274519078946633
74,121,-0.137367214586802
75,79,-0.406753432120406
75,81,0.0650513724600421
75,83,-0.100102612127451
75,95,-0.208255531425849
75,109,0.0799698340286902
75,114,-0.215842031278211
75,123,-0.0357861780300879
76,77,0.114397546796747
76,80,0.71528001843135
76,84,0.818406818756809
76,85,0.269379717455517
76,87,0.546020861846362
76,88,0.493008878896391
76,92,0.431524601726841
76,106,0.528919773711596
76,109,0.494585966340714
76,112,0.250358177549495
76,113,0.543524855193341
76,115,0.487667588259777
77,80,0.624136453144965
77,84,0.730116498865442
77,87,0.444942844071335
77,89,0.258754604663121
77,99,0.457603727082223
77,104,0.219518760702979
77,108,0.390169072129105
77,110,0.165020609511415
77,113,0.449704021936639
77,118,0.336164888720473
77,121,0.217314381753642
77,122,0.814489741317553
78,80,0.451576346933762
78,81,0.187906118980382
78,88,0.20274478484046
78,89,0.0564424569086567
78,90,0.111479936619262
78,91,-0.375711064259831
78,102,-0.0212974546567155
78,105,0.277667041924162
78,112,-0.0269185504621451
78,115,0.212911875486506
78,118,0.132447440679888
78,119,-0.112145535476997
78,123,0.0909800434597365
79,80,0.696957664070586
79,83,0.294900466885319
79,84,0.806005431018834
79,86,0.401233117974172
79,90,0.353417968319974
79,91,-0.102050312531074
79,92,0.391094637528465
79,93,0.366791661918808
79,94,0.104174028238589
79,108,0.455968742542411
79,118,0.406108192408645
79,121,0.279804543822051
80,84,0.101773703001403
80,86,-0.324381133947172
80,88,-0.251300027552735
80,91,-0.814768573644106
80,99,-0.196582561233531
80,104,-0.386905000273458
80,106,-0.277458056840064
80,107,-0.431201209935593
80,109,-0.238252299590836
81,84,0.346637878392595
81,86,-0.0607109059937924
81,88,0.004437774363424
81,89,-0.140018552424982
81,90,-0.0671361280967196
81,94,-0.342653480922443
81,95,-0.248838797364852
81,101,0.0709372054026672
81,109,0.0137316032596881
81,120,-0.303082819075352
81,123,-0.0916276160405875
82,83,-0.104060051687052
82,86,-0.0016531023220273
82,90,-0.013303052326762
82,100,-0.272964278314682
82,115,0.0913044890958684
82,119,-0.258600073672609
82,121,-0.112949206729457
83,85,-0.0802169762584241
83,86,0.100135708054847
83,88,0.1661433811924
83,93,0.0664715816707039
83,94,-0.197064849132262
83,95,-0.112716797254597
83,97,0.0230612479179154
83,101,0.221238098759337
83,109,0.171602374145431
83,113,0.242095889620195
84,85,-0.603753245299096
84,91,-0.927123641298373
84,93,-0.464280529450368
84,95,-0.590790319189943
84,109,-0.342780342791066
84,112,-0.517121857594211
84,115,-0.314653766751438
84,117,-0.735497350508306
84,120,-0.654571246537658
85,86,0.183119259081477
85,95,-0.0405839886472518
85,96,0.268347159758531
85,97,0.103485472040937
85,104,0.0771650832066884
85,113,0.318363267896541
85,116,0.568679157843262
85,119,-0.0655170750389859
85,124,0.429226587685372
85,125,0.277022870457411
86,88,0.0701936875077755
86,96,0.0980228153548552
86,97,-0.0768672122723347
86,99,0.133565149029613
86,105,0.14318599221271
86,106,0.0698979723587028
86,110,-0.144810355848321
86,112,-0.147844100639491
86,116,0.385559898761784
86,125,0.0966701861441398
87,89,-0.208203072851767
87,92,-0.14488052035325
87,93,-0.158415183885985
87,94,-0.421622269499446
87,95,-0.316225918351892
87,97,-0.197979143831554
87,98,-0.125015339150021
87,100,-0.371205259318224
87,101,0.0184782273793859
87,103,0.016043691227925
87,121,-0.227628462317693
87,123,-0.154063615931979
88,94,-0.36568949326007
88,95,-0.264239894561414
88,98,-0.0709006026764799
88,99,0.0603075879344515
88,100,-0.319219235527746
88,105,0.0699064723435328
88,112,-0.201073926960516
88,119,-0.311181696453054
88,120,-0.322016820254575
88,123,-0.101051632982009
89,92,0.0667288117693102
89,94,-0.225613655562405
89,96,0.177359523723291
89,97,0.0032347059248187
89,98,0.0777283207759479
89,100,-0.192518015014745
89,101,0.21034068041106
89,102,-0.0746133955660722
89,119,-0.170560672576306
90,93,-0.0161530220024547
90,95,-0.179385956044548
90,96,0.104280252985475
90,97,-0.0569585786987459
90,98,0.0084381866549442
90,100,-0.230665969172463
90,101,0.133959180499833
90,102,-0.126901124759212
90,118,0.0055560113003614
90,120,-0.2303162788957
90,125,0.101017019813592
91,95,0.257759180892261
91,100,0.198507330944739
91,101,0.596757791833026
91,103,0.716847670017185
91,104,0.383291796171831
91,116,0.916080210055289
91,120,0.211660972771027
91,121,0.388339466329092
91,125,0.60878844922643
92,96,0.117050775510819
92,98,0.0144057682774309
92,102,-0.136891220781927
92,104,-0.0767997048230271
92,110,-0.12898680280841
92,112,-0.131727191006107
92,115,0.106649882305158
92,122,0.523532431929461
93,96,0.128874443909803
93,98,0.0298324277182434
93,101,0.161351808860737
93,104,-0.0623076326420398
93,115,0.117584960869699
93,121,-0.0763631085073451
93,124,0.284448780963876
93,125,0.130334312528283
94,95,0.0649169206136768
94,96,0.379994452220752
94,97,0.220548954785645
94,101,0.403370411131335
94,102,0.135066913050594
94,107,0.201591778641552
94,108,0.36581686716092
94,116,0.695948448203309
95,97,0.134851756438671
95,99,0.32624442824225
95,100,-0.0512800131279143
95,101,0.308935539530231
95,104,0.108922849029202
95,105,0.33580374049842
95,108,0.268974960094014
95,120,-0.0462171533954748
95,121,0.101370619145842
96,97,-0.168507760147299
96,101,0.0338460733320694
96,105,0.0353336528185034
96,108,-0.0166478687761491
96,109,-0.0234948661790889
96,110,-0.226501101711016
96,116,0.257074384915226
96,122,0.359340344946228
96,125,-0.0081785295014145
97,98,0.071214789563728
97,100,-0.190840572849994
97,101,0.199429338671524
97,102,-0.0762033292572957
97,104,-0.0201041023856436
97,105,0.216552109258193
97,109,0.148932403490052
97,111,0.0758044219560953
97,122,0.565927827858362
98,99,0.132374293215132
98,102,-0.143612089530548
99,100,-0.382233244653573
99,102,-0.276567756310949
99,106,-0.0727237264734155
99,107,-0.241071963805944
99,111,-0.131138020546181
99,113,0.0315115541236375
99,114,-0.35740805591418
99,115,-0.0345034473346763
99,120,-0.386369458313683
99,121,-0.236743507468007
99,123,-0.161995181497283
100,102,0.113683902393894
100,106,0.341557650536231
100,108,0.321132482735991
100,112,0.098931704074909
100,113,0.380108889986704
100,121,0.156349960112175
100,123,0.215352047900454
101,104,-0.206812751082396
101,108,-0.0515368531544107
101,109,-0.0585178357185091
101,112,-0.248138195289798
101,113,0.0163317607965249
101,114,-0.335158815387503
101,118,-0.145659989329042
101,121,-0.227605365970372
101,123,-0.159048631348803
102,108,0.220664728277554
102,112,-0.0057863438766199
102,118,0.147845565848642
103,104,-0.242045016997652
103,105,-0.0005377438315803
103,109,-0.0667334920224163
103,110,-0.294263595826971
103,112,-0.291316394541271
103,113,0.0246072595101083
103,117,-0.49023857916499
103,119,-0.42351430759119
104,105,0.223945515351446
104,106,0.161405031064109
104,108,0.162564158176539
104,110,-0.0494410284866098
104,114,-0.0939865744851889
104,116,0.448256461467069
104,120,-0.158842430916913
105,106,-0.0823806870829687
105,108,-0.0503994542861525
105,112,-0.270181404587435
105,113,0.0219613309735169
105,115,-0.0440627595908463
105,116,0.235784089044124
105,121,-0.246342391877089
105,123,-0.171573604221056
106,107,-0.180578901698674
106,109,0.0141439991608779
106,112,-0.215213404394211
106,113,0.0980841995871203
106,115,0.0286564370225726
106,123,-0.10465704540484
107,112,-0.0520118347862832
107,113,0.254633332047077
107,115,0.189243783088898
107,116,0.49846654657061
107,118,0.0999831500852673
107,119,-0.146667123796719
108,109,-0.007608085432408
108,110,-0.209493139551422
108,111,-0.0817265822478065
108,117,-0.362819811864052
108,118,-0.0958013437318584
109,110,-0.208852749563584
109,113,0.0768325205214533
109,117,-0.362548511532171
109,119,-0.313844273239771
109,124,0.165693429346999
110,111,0.142746555451261
110,112,-0.0063908857458777
110,113,0.271731927225786
110,115,0.213859226693804
110,117,-0.114112109985763
110,118,0.140173392316423
110,119,-0.0825748588217246
110,123,0.101996759196076
111,112,-0.145486989063371
111,113,0.150238743701372
111,116,0.378907286680995
111,117,-0.29054664452042
111,118,-0.0085358662732314
111,123,-0.0374142466972401
111,124,0.247441180522038
111,125,0.0948801700442342
112,117,-0.098517376926699
112,123,0.105257853789917
112,125,0.228702506722122
113,120,-0.384056788115111
113,123,-0.178404555810886
113,125,-0.0644208845278091
114,121,0.0850691430348701
114,122,0.769365143527498
114,123,0.157329486167246
115,119,-0.314755805137625
115,120,-0.326053342195557
115,121,-0.186260604809175
115,122,0.36280266426761
116,118,-0.40792170511557
116,120,-0.626567794680159
116,123,-0.398653401723554
116,124,-0.121113308057998
117,119,0.0295208792066713
117,120,-0.0074398497748851
117,124,0.555043142139171
117,125,0.394834608131222
118,120,-0.265695758656227
118,124,0.268703551881506
119,120,-0.0319207446032789
119,121,0.13170661883822
119,122,0.746447609438549
119,123,0.195993648353327
119,124,0.492518508309441
120,122,0.730676561641369
120,125,0.35187987508124
121,124,0.350035003261157
122,124,-0.229129811161473
122,125,-0.392390429441887
124,125,-0.154220179266547
