flow1,flow2,edge1,edge2
1.0,0.2272727272727272,"5492,12390","5492,25662"
-1.0,-0.3620689655172414,"2643,14955","2643,6373"
1.0,1.0,"6880,9687","6880,18415"
-1.0,-1.0,"6093,17676","6093,6544"
1.0,-0.6052631578947368,"6095,17459","5870,17459"
-1.0,-1.0,"2642,14954","2642,12400"
1.0,1.0,"8859,9683","8859,12883"
-1.0,-1.0,"9680,10508","9680,11468"
1.0,-0.0,"7573,12399","7573,12954"
1.0,-1.0,"9678,19740","8118,19740"
1.0,1.0,"9689,9690","9690,21551"
-1.0,-0.7441860465116279,"12374,24830","4044,12374"
-1.0,-1.0,"12378,24833","11415,12378"
-1.0,-0.1648351648351648,"6080,17661","687,6080"
1.0,-1.0,"9698,21560","10854,21560"
1.0,-1.0,"6082,17664","9441,17664"
-1.0,-0.4782608695652174,"2655,7062","2655,10987"
-1.0,-1.0,"12382,24834","10338,12382"
1.0,1.0,"12383,13754","13754,26601"
1.0,1.0,"6086,6412","6412,17941"
1.0,1.0,"9367,9691","9367,21157"
-1.0,-0.5135135135135135,"12402,24856","6951,12402"
-1.0,-1.0,"2616,14929","2616,11511"
-1.0,-1.0,"2615,14928","2615,5991"
1.0,0.3709677419354839,"3288,9663","3288,17408"
-1.0,-1.0,"6131,17711","6131,7993"
-1.0,-1.0,"12424,24873","12424,13797"
1.0,1.0,"12425,13798","13798,26657"
-1.0,-1.0,"12430,24877","12430,13801"
1.0,1.0,"8471,12434","8471,20136"
-1.0,-0.5416666666666666,"9661,21523","9661,10084"
1.0,-1.0,"12418,22387","10353,22387"
1.0,0.6875,"6168,9674","6168,17747"
1.0,-1.0,"12407,17886","10028,17886"
1.0,1.0,"11038,12409","11038,23236"
1.0,-1.0,"6110,16863","10635,16863"
1.0,-0.5833333333333334,"9669,21434","9593,21434"
1.0,-1.0,"6120,17699","11292,17699"
-1.0,-0.1818181818181818,"12416,24868","4769,12416"
1.0,-0.4693877551020408,"12324,17447","5143,17447"
1.0,-0.6341463414634146,"9742,16714","5092,16714"
-1.0,-1.0,"12329,24769","12329,12627"
1.0,0.5666666666666667,"7692,9740","7692,19304"
1.0,-1.0,"2707,15008","9240,15008"
1.0,-1.0,"12331,24775","12903,24775"
1.0,1.0,"6029,13025","13025,13434"
-1.0,-1.0,"6034,15959","6034,12097"
1.0,1.0,"9878,12323","9878,13817"
1.0,-0.2289156626506024,"9745,18536","3071,18536"
1.0,1.0,"12307,13709","13709,26547"
-1.0,-0.6153846153846154,"5976,9763","8196,9763"
1.0,1.0,"9759,10621","10621,22697"
1.0,1.0,"6015,10103","10103,22058"
1.0,-1.0,"9756,21637","13860,21637"
-1.0,-0.5384615384615384,"9754,21635","6247,9754"
1.0,0.8875739644970414,"623,12318","623,14185"
1.0,1.0,"2724,11561","11561,23821"
-1.0,-1.0,"12322,24762","11226,12322"
-1.0,-1.0,"9748,21626","8754,9748"
1.0,-0.3066666666666666,"9747,17285","3662,17285"
-1.0,-0.4545454545454545,"12337,24788","11179,12337"
1.0,-1.0,"12352,23503","11304,23503"
1.0,-0.5280898876404494,"6054,14946","2633,14946"
1.0,-1.0,"12356,13241","13241,13731"
1.0,0.4285714285714285,"6677,12361","6677,20616"
1.0,1.0,"9731,13019","13019,25627"
-1.0,-0.4761904761904761,"12338,24789","11611,12338"
-1.0,-1.0,"12342,24799","7874,12342"
1.0,-0.7884615384615384,"2692,13800","3124,13800"
-1.0,-0.5625,"12209,12346","7563,12346"
1.0,1.0,"6051,13215","13215,25883"
1.0,-1.0,"12349,19950","8290,19950"
-1.0,-1.0,"12441,24888","10262,12441"
-1.0,-0.3225806451612903,"6244,17801","6244,6251"
1.0,1.0,"6249,7185","7185,18722"
-1.0,-0.6222222222222222,"11392,12538","4759,12538"
1.0,1.0,"2479,8172","8172,19796"
1.0,1.0,"6267,6649","6649,18182"
-1.0,-0.4782608695652174,"6226,17792","6226,10610"
1.0,-1.0,"12516,24976","13388,24976"
1.0,1.0,"10849,12519","10849,23003"
1.0,-0.1075268817204301,"12522,24979","1366,24979"
-1.0,-1.0,"12526,24986","12147,12526"
1.0,0.48,"9549,9736","9736,22675"
-1.0,-0.7368421052631579,"9541,21381","4648,9541"
1.0,0.4411764705882353,"7056,12567","7056,20729"
1.0,1.0,"2410,3182","3182,4422"
-1.0,-0.5555555555555556,"7184,9535","9195,9535"
1.0,1.0,"9551,13370","13370,26092"
1.0,-1.0,"12545,25014","12904,25014"
-1.0,-1.0,"9569,21415","9569,13836"
1.0,1.0,"2448,3183","3183,3366"
1.0,1.0,"220,6275","220,14123"
1.0,-0.6333333333333333,"9559,18753","7219,18753"
1.0,-1.0,"2436,14838","11835,14838"
-1.0,-1.0,"6218,6219","6219,6552"
1.0,-1.0,"9641,16279","4568,16279"
1.0,1.0,"6177,6926","6926,8186"
-1.0,-1.0,"12481,19042","12481,13859"
-1.0,-0.5945945945945946,"12462,24914","6149,12462"
1.0,0.2325581395348837,"7242,9648","7242,26886"
1.0,1.0,"6155,9212","9212,16012"
1.0,-1.0,"6160,17737","13823,17737"
1.0,0.2962962962962963,"1502,12461","1502,15873"
-1.0,-0.6111111111111112,"6161,12151","4029,6161"
-1.0,-1.0,"9615,11390","9615,9616"
1.0,-0.35,"9612,17802","3241,17802"
-1.0,-0.7246376811594203,"12499,24955","2470,12499"
-1.0,-1.0,"6216,7273","6216,11508"
1.0,1.0,"12490,13238","13238,25917"
1.0,-0.6923076923076923,"6185,16554","4890,16554"
-1.0,-1.0,"12488,24937","9305,12488"
-1.0,-0.4347826086956521,"9624,21464","9624,10046"
1.0,-0.3928571428571428,"6192,17772","7869,17772"
-1.0,-0.1063829787234042,"9766,21645","1591,9766"
1.0,-1.0,"6007,17580","10596,17580"
1.0,1.0,"3014,8853","8853,20556"
-1.0,-0.7432432432432432,"12141,24537","2229,12141"
1.0,1.0,"9932,13116","13116,13117"
1.0,-0.4,"9930,21570","6548,21570"
1.0,-0.3448275862068966,"9928,18143","3357,18143"
1.0,-1.0,"3335,9925","3335,4793"
1.0,-1.0,"12149,16035","4276,16035"
1.0,-1.0,"5810,17399","12161,17399"
1.0,-1.0,"12121,24503","13533,24503"
1.0,-1.0,"9951,21869","12767,21869"
-1.0,-0.4,"9949,21866","9066,9949"
-1.0,-1.0,"5807,17393","5807,10145"
1.0,-0.4411764705882353,"12131,20560","6975,20560"
1.0,1.0,"3017,9905","9905,21828"
1.0,-1.0,"2959,15142","7965,15142"
-1.0,-1.0,"12178,24587","11820,12178"
1.0,0.4333333333333333,"8038,9894","8038,22388"
-1.0,-1.0,"12155,24553","9477,12155"
1.0,1.0,"11077,12159","11077,23281"
-1.0,-1.0,"12163,24572","12163,13492"
1.0,1.0,"9850,9903","9850,10452"
-1.0,-1.0,"12118,13308","11807,12118"
-1.0,-1.0,"5750,17346","1980,5750"
1.0,0.5833333333333334,"3108,9384","9384,21182"
1.0,1.0,"5752,10155","10155,22122"
-1.0,-0.495049504950495,"12071,21010","2501,12071"
1.0,1.0,"12072,12979","10711,12979"
-1.0,-1.0,"12073,24455","9387,12073"
1.0,1.0,"3098,9818","9818,21708"
1.0,-0.46875,"5763,8971","8120,8971"
-1.0,-1.0,"12079,24466","4532,12079"
1.0,-0.52,"12063,22390","10363,22390"
1.0,1.0,"5739,11043","11043,23240"
1.0,1.0,"9281,12051","9281,20790"
1.0,-0.675,"12059,16514","4843,16514"
1.0,1.0,"5748,6328","6328,17872"
1.0,1.0,"4065,12061","4065,15869"
1.0,1.0,"9982,14080","14080,27004"
-1.0,-1.0,"12080,24467","12080,13594"
1.0,0.6153846153846154,"8184,9965","8184,19814"
1.0,1.0,"9964,11831","11831,24175"
-1.0,-0.5217391304347826,"12105,24492","10645,12105"
-1.0,-0.2894736842105263,"9962,21881","4839,9962"
1.0,1.0,"9067,12110","9067,20810"
1.0,1.0,"12115,14052","14052,21242"
1.0,0.7142857142857143,"5418,9967","5418,17018"
1.0,-1.0,"12083,18728","7192,18728"
-1.0,-1.0,"9979,21902","9979,13171"
-1.0,-0.3484848484848485,"12085,24477","4700,12085"
1.0,-1.0,"12086,24478","12875,24478"
-1.0,-1.0,"9976,21899","9976,13168"
1.0,-1.0,"5774,17362","6762,17362"
1.0,-1.0,"11654,12089","9304,11654"
-1.0,-1.0,"3074,6395","3074,10372"
-1.0,-0.5,"12264,24683","12264,13622"
1.0,0.3846153846153846,"2797,8476","8476,26329"
1.0,-0.4077669902912621,"12269,15192","2000,15192"
1.0,0.3188405797101449,"2787,4703","4703,17663"
1.0,0.53125,"7730,9828","7730,19343"
-1.0,-1.0,"5927,7123","5927,7046"
1.0,-0.3142857142857143,"12248,24666","10436,24666"
1.0,0.4651162790697674,"5701,12249","5701,18132"
-1.0,-1.0,"9821,21718","3590,9821"
-1.0,-1.0,"12254,24671","11534,12254"
1.0,-1.0,"5947,17527","8169,17527"
-1.0,-0.3170731707317073,"12274,24693","8088,12274"
1.0,1.0,"9886,11114","11114,23321"
1.0,1.0,"9782,10525","10525,16276"
1.0,-0.2318840579710145,"12291,20124","4891,20124"
-1.0,-1.0,"9780,21662","9426,9780"
1.0,0.0,"3399,6001","3399,8379"
1.0,-0.4,"12277,24701","8760,24701"
1.0,-1.0,"9805,21692","10278,21692"
-1.0,-1.0,"12279,16980","12279,12280"
1.0,1.0,"5475,5984","5475,6717"
1.0,-1.0,"9798,16492","4814,16492"
1.0,-1.0,"12246,24652","13425,24652"
1.0,-1.0,"12203,17124","5528,17124"
-1.0,-1.0,"2899,13652","2899,11374"
1.0,0.4814814814814814,"5885,9440","9440,19453"
1.0,-0.3125,"9860,21785","5975,21785"
1.0,-1.0,"12213,16444","4760,16444"
1.0,-0.5,"12190,24598","13965,24598"
1.0,-1.0,"5866,10334","3521,10334"
1.0,1.0,"9884,12633","12633,25122"
-1.0,-0.4444444444444444,"9881,21804","8751,9881"
1.0,-0.5238095238095238,"9879,21801","12227,21801"
1.0,1.0,"9877,11434","11434,23678"
-1.0,-1.0,"2911,12593","2911,11355"
1.0,1.0,"9279,9874","9279,21021"
-1.0,-0.5238095238095238,"12198,24603","12198,12547"
1.0,1.0,"5717,9872","5717,17310"
-1.0,-0.6774193548387096,"12234,24638","6520,12234"
-1.0,-1.0,"2855,15088","2855,11642"
-1.0,-1.0,"8815,9846","9846,10720"
-1.0,-1.0,"8814,9845","9844,9845"
1.0,1.0,"5918,12650","12650,25143"
1.0,1.0,"5920,11459","11459,22613"
-1.0,-0.2631578947368421,"9835,21737","4622,9835"
1.0,1.0,"9834,14093","14093,27013"
-1.0,-1.0,"12224,24634","11885,12224"
-1.0,-0.589041095890411,"12216,24626","2934,12216"
1.0,1.0,"1960,5893","1960,14594"
1.0,1.0,"10676,12217","10676,22775"
1.0,0.6428571428571429,"6306,7531","7531,19099"
-1.0,-1.0,"9248,17240","8917,9248"
1.0,-0.25,"9239,16004","1156,16004"
-1.0,-1.0,"6610,6716","6716,6940"
-1.0,-0.5555555555555556,"6720,18245","6720,8957"
1.0,1.0,"9139,9229","9139,20901"
1.0,-1.0,"6710,18229","10535,18229"
1.0,-0.0,"3687,12876","3687,8966"
-1.0,-0.4761904761904761,"9258,21008","9258,11783"
-1.0,-0.5,"9255,21006","5382,9255"
1.0,1.0,"6705,13191","13191,25846"
1.0,1.0,"6570,12886","6570,18102"
1.0,-1.0,"9204,20961","10694,20961"
1.0,-1.0,"6749,18286","11602,18286"
1.0,0.2954545454545454,"4209,12932","4209,21727"
-1.0,-1.0,"12934,25513","8986,12934"
1.0,0.3225806451612903,"9201,11704","11704,25600"
-1.0,-0.8717948717948718,"1722,1923","1752,1923"
-1.0,-1.0,"12912,25482","9531,12912"
1.0,-1.0,"6733,13457","6941,13457"
-1.0,-1.0,"12873,20575","11630,12873"
-1.0,-0.59375,"9309,21064","7071,9309"
1.0,0.3428571428571428,"11211,12828","11211,23429"
1.0,-0.3714285714285714,"9308,21063","10400,21063"
-1.0,-0.2075471698113207,"9052,9302","6104,9302"
1.0,-0.5588235294117647,"12837,18702","7158,18702"
-1.0,-1.0,"9299,21052","9299,13979"
-1.0,-1.0,"12813,25358","6583,12813"
-1.0,-1.0,"9317,21075","7521,9317"
1.0,-0.0,"8173,12816","8173,13967"
-1.0,-1.0,"12819,25371","5685,12819"
-1.0,-0.6071428571428571,"6634,18166","6634,8028"
1.0,0.6029411764705882,"3056,12839","3056,15209"
1.0,1.0,"9298,11393","11393,23606"
1.0,0.5517241379310345,"8175,12840","8175,19799"
1.0,0.1886792452830188,"4794,9277","4794,25393"
1.0,1.0,"6697,8262","8262,19920"
1.0,1.0,"9282,13565","13565,26366"
1.0,1.0,"10022,12854","10022,21958"
-1.0,-1.0,"12851,17809","10634,12851"
1.0,0.0,"3973,9287","3973,13250"
-1.0,-0.2884615384615384,"12937,25518","3501,12937"
1.0,1.0,"4621,12940","4621,16328"
1.0,-0.0,"1754,10311","7590,10311"
-1.0,-0.2115384615384615,"9110,20873","4204,9110"
1.0,-0.5652173913043478,"9105,20868","10356,20868"
1.0,-0.5238095238095238,"13023,23855","11597,23855"
-1.0,-1.0,"13029,25634","9171,13029"
-1.0,-1.0,"6831,18361","6831,8040"
-1.0,-1.0,"1611,1780","1710,1780"
-1.0,-1.0,"13003,25607","3211,13003"
-1.0,-1.0,"13007,25610","11651,13007"
1.0,1.0,"6839,13320","13320,19621"
1.0,-1.0,"13013,25618","14004,25618"
1.0,1.0,"6845,11656","11656,23946"
1.0,1.0,"6856,8268","8268,19930"
1.0,-1.0,"13049,20725","8996,20725"
1.0,1.0,"9081,10214","10214,22194"
1.0,1.0,"1690,11559","11559,23817"
1.0,0.5416666666666666,"6858,10466","10466,22522"
-1.0,-1.0,"13034,25641","12043,13034"
1.0,0.3666666666666666,"7092,13036","7092,24557"
1.0,1.0,"10540,13039","10540,22606"
-1.0,-1.0,"13043,25652","8707,13043"
-1.0,-1.0,"10423,13044","11898,13044"
-1.0,-1.0,"12965,25548","8015,12965"
-1.0,-0.6470588235294118,"6782,18316","5955,6782"
-1.0,-0.3571428571428571,"6784,18319","4855,6784"
1.0,1.0,"11093,12969","11093,23300"
-1.0,-0.2678571428571428,"9119,20882","3073,9119"
1.0,1.0,"6766,9415","9415,21221"
-1.0,-1.0,"5666,6767","4466,6767"
-1.0,-1.0,"12957,25538","7260,12957"
1.0,1.0,"3232,9136","3232,15307"
-1.0,-1.0,"10719,12984","11699,12984"
-1.0,-0.2894736842105263,"9133,20894","8765,9133"
1.0,-1.0,"9129,20891","11396,20891"
1.0,-1.0,"6818,11300","1178,11300"
-1.0,-1.0,"6824,18355","6824,13774"
-1.0,-1.0,"12978,25561","11692,12978"
1.0,-1.0,"6419,9146","6419,10919"
1.0,1.0,"6804,6805","6805,8007"
-1.0,-1.0,"12982,25569","12982,13063"
-1.0,-0.5652173913043478,"12808,25353","10375,12808"
-1.0,-0.5454545454545454,"9469,21302","9469,11208"
-1.0,-1.0,"10814,12656","5124,12656"
1.0,1.0,"12662,14031","14031,26275"
-1.0,-1.0,"9456,21288","7147,9456"
-1.0,-1.0,"12652,25148","5187,12652"
1.0,1.0,"2333,7710","7710,19322"
-1.0,-1.0,"12638,13103","7652,12638"
1.0,-0.3793103448275862,"12641,23853","7296,23853"
1.0,1.0,"9474,13235","13235,25911"
-1.0,-0.2631578947368421,"6391,17922","4766,6391"
1.0,-1.0,"6418,17950","6947,17950"
1.0,1.0,"4599,9436","4599,16310"
1.0,1.0,"2259,10833","10833,22978"
1.0,1.0,"2255,2369","2369,8049"
1.0,-1.0,"12686,25199","13102,25199"
1.0,1.0,"9427,13603","13603,26399"
-1.0,-1.0,"12687,25200","10517,12687"
-1.0,-0.4827586206896552,"12667,20516","9034,12667"
1.0,0.1833333333333333,"2555,9449","2555,24690"
-1.0,-0.5531914893617021,"12669,25172","5148,12669"
1.0,1.0,"7313,9447","7313,18870"
1.0,-1.0,"6432,17971","11263,17971"
-1.0,-0.4848484848484848,"9442,21269","7674,9442"
-1.0,-1.0,"9439,21267","9439,12791"
1.0,0.4074074074074074,"6333,8152","8152,23810"
1.0,-0.44,"6335,17879","9583,17879"
1.0,-0.4848484848484848,"6345,17885","7969,17885"
1.0,-0.52,"12594,21956","10019,21956"
1.0,0.4285714285714285,"2378,6832","6832,20974"
1.0,0.5714285714285714,"4084,6349","4084,15885"
1.0,0.5238095238095238,"9523,12357","12357,24814"
1.0,0.3823529411764705,"6315,9517","4381,6315"
1.0,-0.0,"8424,12598","8424,12555"
1.0,-0.7741935483870968,"9486,14938","2627,14938"
1.0,1.0,"10909,12622","10909,23081"
-1.0,-0.6153846153846154,"7556,12623","8677,12623"
1.0,1.0,"9483,11973","11973,24323"
1.0,1.0,"10129,12628","10129,22084"
1.0,-1.0,"12601,19941","8276,19941"
1.0,1.0,"6361,11565","11565,23826"
1.0,-0.52,"12763,22320","10308,22320"
1.0,0.3846153846153846,"8151,12765","8151,25295"
-1.0,-1.0,"2124,14672","2124,8077"
-1.0,-1.0,"12766,23752","8777,12766"
1.0,1.0,"5001,6573","5001,16644"
1.0,-1.0,"6579,7315","4162,7315"
1.0,0.6086956521739131,"3024,9354","3024,15189"
-1.0,-1.0,"12749,25281","8518,12749"
-1.0,-1.0,"6559,18089","6559,8715"
-1.0,-0.3333333333333333,"6564,18093","5158,6564"
1.0,1.0,"6567,13062","13062,24651"
1.0,0.3448275862068966,"7081,9365","7081,26196"
1.0,1.0,"2220,9332","2220,14721"
1.0,0.5217391304347826,"10602,12800","10602,22677"
-1.0,-0.3333333333333333,"12801,25340","3807,12801"
1.0,1.0,"9325,10507","10507,11467"
1.0,0.7547169811320755,"3132,9348","3132,15255"
1.0,1.0,"9345,11428","11428,23669"
-1.0,-1.0,"12787,18335","5151,12787"
1.0,1.0,"2088,13223","13223,25900"
-1.0,-1.0,"12748,25277","12748,13729"
1.0,1.0,"6488,8150","8150,19770"
-1.0,-1.0,"12700,25218","11369,12700"
-1.0,-1.0,"12703,25225","11487,12703"
-1.0,-0.5454545454545454,"9406,21209","9406,11332"
1.0,0.5,"12312,12711","12312,24747"
1.0,1.0,"10886,12688","10886,23051"
-1.0,-1.0,"6465,18001","6465,14103"
-1.0,-0.6153846153846154,"10333,12692","8365,12692"
1.0,1.0,"9421,11015","11015,23215"
-1.0,-1.0,"2236,14726","2236,7752"
-1.0,-1.0,"12696,25209","12696,14030"
1.0,1.0,"6510,7678","7678,19281"
1.0,1.0,"12732,12733","12732,23776"
1.0,0.4230769230769231,"8926,12735","8926,24265"
1.0,1.0,"12739,13820","13820,26678"
1.0,1.0,"11527,12741","11527,23780"
1.0,0.4482758620689655,"8697,12744","8697,22591"
1.0,0.5,"11531,12746","7280,11531"
1.0,0.5,"7534,12731","7534,19105"
1.0,-1.0,"12730,25267","13964,25267"
-1.0,-1.0,"12717,14488","5735,12717"
-1.0,-0.3703703703703703,"9389,21186","8132,9389"
1.0,-1.0,"9383,16821","5197,16821"
-1.0,-0.4095238095238095,"12050,24434","2415,12050"
-1.0,-1.0,"12048,24433","8191,12048"
-1.0,-0.42,"10652,22737","4522,10652"
-1.0,-1.0,"10666,20829","10666,11959"
1.0,-1.0,"10675,22771","10754,22771"
1.0,0.144578313253012,"1643,11370","1643,23488"
1.0,0.375,"4066,6642","6642,22859"
-1.0,-1.0,"11407,23630","11407,11433"
-1.0,-1.0,"10625,22702","10625,11682"
-1.0,-1.0,"11402,23620","8954,11402"
1.0,0.4482758620689655,"8698,11404","8698,22592"
1.0,1.0,"3740,10689","3740,15647"
1.0,-0.425,"11364,19625","5849,19625"
1.0,1.0,"4827,6984","6984,18543"
1.0,1.0,"4144,7174","7174,18717"
-1.0,-1.0,"4829,16501","4829,10606"
1.0,1.0,"4291,4810","4291,4499"
1.0,0.5862068965517241,"8034,11293","8034,19658"
1.0,1.0,"4163,5040","5040,5088"
-1.0,-1.0,"11295,23497","4412,11295"
-1.0,-0.52,"11298,23499","9751,11298"
1.0,1.0,"10744,13913","13913,26810"
1.0,-0.0,"11301,13792","13792,13968"
-1.0,-1.0,"11325,23522","3665,11325"
-1.0,-1.0,"11327,23525","11327,13647"
-1.0,-0.4761904761904761,"11350,23550","11350,12498"
-1.0,-0.5806451612903226,"11356,23558","7647,11356"
-1.0,-1.0,"11358,23561","8090,11358"
1.0,1.0,"4088,8533","8533,20200"
1.0,1.0,"4889,8559","8559,20221"
-1.0,-1.0,"10701,22809","6957,10701"
-1.0,-1.0,"4865,5305","4865,5543"
1.0,1.0,"7245,11330","7245,18782"
-1.0,-1.0,"10717,22824","7329,10717"
1.0,1.0,"8819,11346","8819,20523"
1.0,1.0,"11224,11341","8441,11224"
-1.0,-1.0,"2865,3896","3896,4457"
1.0,0.53125,"3893,8116","8116,19739"
1.0,1.0,"10537,13319","13319,26024"
1.0,0.2941176470588235,"9548,10550","9548,26660"
-1.0,-0.5416666666666666,"10536,22601","10071,10536"
-1.0,-1.0,"10561,22629","5679,10561"
-1.0,-1.0,"10556,10558","8717,10558"
1.0,-0.4545454545454545,"5115,16746","10693,16746"
-1.0,-1.0,"3855,15722","3855,11152"
1.0,1.0,"5428,10529","5428,17030"
-1.0,-1.0,"11517,23768","4567,11517"
1.0,-0.7027027027027027,"11521,16809","5184,16809"
-1.0,-1.0,"10565,22632","5135,10565"
1.0,-1.0,"11438,19500","7872,19500"
1.0,-1.0,"11440,18625","7072,18625"
1.0,0.3846153846153846,"5028,8534","8534,26496"
-1.0,-1.0,"10570,22639","8776,10570"
-1.0,-0.4825174825174825,"3940,14871","1571,3940"
1.0,1.0,"11447,13336","13336,26045"
-1.0,-1.0,"10585,22354","10585,11022"
-1.0,-1.0,"10584,22653","3576,10584"
-1.0,-0.56,"11452,23710","9666,11452"
1.0,-1.0,"11095,22348","10321,22348"
-1.0,-1.0,"4394,16138","4394,10115"
1.0,0.4923076923076923,"3988,10915","3988,15915"
-1.0,-1.0,"4414,16153","4414,13607"
-1.0,-0.8387096774193549,"10930,23110","2382,10930"
1.0,1.0,"10927,13303","13303,25993"
-1.0,-0.6578947368421053,"10891,23062","5279,10891"
-1.0,-0.4411764705882353,"10890,23061","7023,10890"
-1.0,-1.0,"11150,23371","11150,14077"
1.0,1.0,"11126,13566","13566,26369"
1.0,1.0,"10761,11111","10761,22884"
-1.0,-0.4545454545454545,"4372,16122","4372,10703"
1.0,-1.0,"10901,19789","8166,19789"
1.0,1.0,"4429,4576","4429,5628"
1.0,1.0,"4514,13222","13222,25898"
1.0,0.5806451612903226,"7627,10992","7627,19199"
-1.0,-0.6,"10986,23182","8772,10986"
-1.0,-1.0,"11019,23217","11019,11795"
1.0,-0.0,"4513,13802","9211,13802"
1.0,0.3666666666666666,"6959,10958","6959,24036"
1.0,0.4166666666666667,"4426,9492","9492,26530"
-1.0,-0.6388888888888888,"11009,11046","5901,11046"
1.0,1.0,"10972,13560","13560,26357"
1.0,-1.0,"4551,14176","14063,14176"
-1.0,-1.0,"11056,23254","8796,11056"
-1.0,-1.0,"10792,22927","10792,13118"
-1.0,-1.0,"10791,13111","10791,11797"
-1.0,-1.0,"10787,22924","10787,13109"
-1.0,-0.5714285714285714,"10785,22919","6647,10785"
1.0,0.4,"7397,11227","7397,23040"
1.0,1.0,"8272,11228","5426,8272"
1.0,-0.2222222222222222,"11252,23460","4966,23460"
1.0,-1.0,"10758,22882","13588,22882"
1.0,0.0,"9873,10757","4548,9873"
1.0,-1.0,"4804,14344","8099,14344"
1.0,0.5135135135135135,"7188,11281","7188,18725"
1.0,1.0,"7156,11285","7156,18700"
1.0,-1.0,"11260,22396","10366,22396"
1.0,-1.0,"10775,22570","13537,22570"
-1.0,-1.0,"10774,22902","3174,10774"
1.0,1.0,"8604,11266","8604,20274"
1.0,1.0,"10769,13078","13078,25704"
1.0,-0.325,"11176,21879","4832,21879"
-1.0,-1.0,"10847,22999","10847,13177"
1.0,-1.0,"11175,15016","7645,15016"
-1.0,-0.35,"10880,23041","5130,10880"
1.0,0.5652173913043478,"10471,11154","10471,22527"
-1.0,-0.4545454545454545,"4673,16371","4673,11241"
1.0,0.5652173913043478,"9847,10872","9847,21747"
1.0,0.2678571428571428,"3119,4330","3119,20951"
1.0,1.0,"8264,11168","8264,11976"
1.0,0.0,"10826,13154","8295,13154"
1.0,-1.0,"10824,19746","8121,19746"
-1.0,-1.0,"4273,16031","4273,13508"
-1.0,-1.0,"7454,11217","11217,13401"
1.0,1.0,"4729,13747","13747,26592"
1.0,1.0,"4262,13944","13944,26845"
-1.0,-1.0,"11199,23421","11199,14001"
-1.0,-1.0,"12047,24429","12044,12047"
1.0,1.0,"5562,13169","13169,25817"
1.0,-1.0,"11879,19617","7984,19617"
1.0,-1.0,"3381,15393","5533,15393"
-1.0,-1.0,"11857,24210","11857,13170"
-1.0,-1.0,"11858,24211","7829,11858"
-1.0,-0.5217391304347826,"11861,24215","10911,11861"
1.0,-1.0,"5553,17143","11571,17143"
-1.0,-1.0,"10166,22140","10030,10166"
-1.0,-1.0,"11916,24270","7685,11916"
1.0,1.0,"3351,7316","7316,18873"
1.0,1.0,"8182,10154","4218,8182"
-1.0,-0.3513513513513513,"5582,13397","5581,5582"
1.0,0.5217391304347826,"10879,11902","10879,23039"
1.0,-0.325,"10147,22087","4877,22087"
1.0,0.6190476190476191,"5118,10223","5118,16753"
-1.0,-1.0,"10221,22211","3150,10221"
1.0,1.0,"11804,13730","12880,13730"
-1.0,-0.5,"10213,22192","8652,10213"
1.0,0.4545454545454545,"10211,10793","10793,25746"
-1.0,-0.7901234567901234,"3408,15414","1903,3408"
-1.0,-0.4347826086956521,"3406,15412","3406,10303"
1.0,-0.5,"11848,24197","12863,24197"
1.0,1.0,"7400,10196","7400,18963"
-1.0,-1.0,"11828,24172","11828,13146"
1.0,1.0,"5506,13122","13122,14868"
1.0,-0.52,"10194,22171","10473,22171"
1.0,0.5,"11834,13173","13173,25821"
-1.0,-1.0,"10189,10193","8663,10193"
1.0,-1.0,"11838,24186","13289,24186"
1.0,-0.3043478260869565,"5696,17292","4111,17292"
1.0,1.0,"11549,11994","11549,23801"
1.0,1.0,"3171,11771","11771,24099"
-1.0,-1.0,"10123,22079","10123,13381"
-1.0,-0.53125,"5722,17316","5722,7812"
-1.0,-0.6875,"3141,7839","3141,5969"
1.0,1.0,"3169,13670","13670,19139"
-1.0,-0.5357142857142857,"12017,24395","8968,12017"
1.0,-0.4074074074074074,"5714,17305","8626,17305"
1.0,-0.3235294117647059,"12022,24404","5786,24404"
-1.0,-0.5433070866141733,"5630,17218","1699,5630"
1.0,0.0,"3269,5734","5734,8342"
1.0,1.0,"11956,11971","8387,11971"
-1.0,-0.1923076923076923,"5677,17271","5677,5854"
1.0,0.5,"5610,13663","13663,26489"
-1.0,-1.0,"11924,24276","7971,11924"
-1.0,-1.0,"11928,24279","11928,13271"
1.0,-0.0,"6292,10121","6292,10065"
1.0,-0.4444444444444444,"10117,20189","6788,20189"
1.0,0.3846153846153846,"8655,11961","8655,16952"
-1.0,-0.3,"11980,24335","4775,11980"
1.0,1.0,"3225,7981","7981,19613"
-1.0,-1.0,"10063,22008","9031,10063"
-1.0,-1.0,"5676,17270","5676,10318"
1.0,1.0,"10081,13771","13771,26626"
-1.0,-0.4583333333333333,"3229,13494","3229,10201"
-1.0,-0.6774193548387096,"11967,24315","6362,11967"
1.0,-1.0,"10092,15521","3569,15521"
-1.0,-1.0,"11974,24324","11974,11975"
1.0,-0.5454545454545454,"5233,16857","11167,16857"
-1.0,-0.5217391304347826,"11627,23897","11006,11627"
1.0,1.0,"5237,8732","8732,20421"
-1.0,-0.5862068965517241,"11631,23907","8033,11631"
-1.0,-0.4782608695652174,"10416,13924","10416,11391"
1.0,0.2452830188679245,"4851,10413","4851,21965"
-1.0,-1.0,"10411,22461","8319,10411"
1.0,1.0,"10431,13300","13300,19368"
1.0,-0.2941176470588235,"11617,20467","5226,20467"
1.0,1.0,"8185,11619","8185,19816"
-1.0,-1.0,"10410,22460","10410,13918"
-1.0,-1.0,"11640,23934","7857,11640"
-1.0,-0.2641509433962264,"10390,16296","4587,10390"
-1.0,-0.625,"11668,23957","5268,11668"
1.0,-0.4107142857142857,"3677,15599","3934,15599"
1.0,0.0,"10122,11655","10122,12055"
-1.0,-1.0,"10406,22455","8263,10406"
1.0,-1.0,"11644,19837","8195,19837"
1.0,1.0,"10402,13893","13893,26778"
1.0,0.0,"11164,11653","11164,13514"
1.0,-0.4025974025974026,"10480,16073","2731,16073"
-1.0,-0.4862385321100917,"5140,14968","2194,5140"
1.0,1.0,"5191,11773","11773,24101"
-1.0,-1.0,"10451,22510","10450,10451"
1.0,-0.5238095238095238,"11604,23867","11603,23867"
1.0,1.0,"3756,7206","7206,18744"
-1.0,-1.0,"10443,22506","8480,10443"
-1.0,-0.6666666666666666,"11582,14934","6025,11582"
1.0,1.0,"7252,11583","7252,18791"
1.0,0.6129032258064516,"3789,7122","7122,18673"
1.0,1.0,"8062,10380","8062,19678"
-1.0,-1.0,"10284,22299","7464,10284"
1.0,0.4782608695652174,"10283,11236","11236,24773"
-1.0,-1.0,"11757,24089","11757,13795"
-1.0,-0.3658536585365853,"10270,22274","9273,10270"
1.0,-1.0,"10304,22318","11694,22318"
1.0,-0.0,"10300,10685","10186,10685"
1.0,1.0,"3549,10326","5422,10326"
-1.0,-1.0,"10379,22423","8962,10379"
-1.0,-0.3452380952380952,"10246,22245","2949,10246"
-1.0,-1.0,"10255,22261","8927,10255"
-1.0,-0.3023255813953488,"11772,24100","4357,11772"
1.0,-1.0,"5441,17044","7513,17044"
1.0,0.7058823529411765,"3583,10252","3583,15531"
1.0,1.0,"5365,13272","13272,25960"
1.0,-0.53125,"10364,19652","8031,19652"
1.0,1.0,"10359,13824","13824,26685"
1.0,-1.0,"10370,19762","8141,19762"
1.0,-0.0,"10328,10590","10590,13542"
1.0,-1.0,"11720,24038","13894,24038"
-1.0,-0.5217391304347826,"11722,24040","11012,11722"
-1.0,-1.0,"11718,16175","11718,13653"
1.0,-0.0,"1516,10343","1516,9004"
1.0,1.0,"11705,13849","13849,26719"
-1.0,-1.0,"7582,10340","10339,10340"
1.0,-1.0,"10336,17454","13441,17454"
-1.0,-1.0,"8685,15530","8685,14057"
1.0,0.6792452830188679,"3611,8267","3611,15549"
1.0,1.0,"6902,8692","6902,18449"
-1.0,-1.0,"8702,20388","7618,8702"
1.0,0.0,"13451,13686","13224,13686"
1.0,-1.0,"13454,26213","13489,26213"
1.0,0.0,"5642,13989","5642,7781"
1.0,1.0,"7330,7331","6279,7331"
-1.0,-1.0,"8167,19792","8167,8469"
1.0,1.0,"8338,13480","8338,20005"
1.0,0.0,"5043,13482","1550,5043"
1.0,0.5,"11664,13466","11664,23952"
1.0,1.0,"8421,13981","8421,20093"
1.0,0.4545454545454545,"10546,13472","10546,25250"
1.0,1.0,"8143,8716","8143,10557"
1.0,0.6071428571428571,"7709,13431","7709,19320"
1.0,-0.4782608695652174,"7302,18858","10755,18858"
-1.0,-0.5925925925925926,"14005,26922","8507,14005"
-1.0,-1.0,"7303,18859","7303,8745"
1.0,-0.5714285714285714,"13993,19838","8197,19838"
1.0,0.3846153846153846,"7328,8706","8706,27034"
-1.0,-1.0,"13445,26201","13445,13844"
1.0,1.0,"194,7256","7256,18795"
1.0,0.358974358974359,"5334,13995","5334,21184"
-1.0,-0.5217391304347826,"8934,13541","11216,13541"
1.0,-0.3218390804597701,"7429,16397","3285,16397"
-1.0,-0.7608695652173914,"7892,19516","3685,7892"
1.0,-0.0,"5783,13557","5783,10977"
1.0,0.6388888888888888,"5785,7440","5785,17372"
-1.0,-0.3655913978494624,"8602,17007","3882,8602"
1.0,0.4819277108433735,"2935,8627","2935,15290"
1.0,1.0,"7566,7893","7566,19135"
-1.0,-0.2272727272727272,"8658,13242","3780,8658"
1.0,0.4583333333333333,"9953,13501","9953,24153"
1.0,0.3611111111111111,"5724,7384","5724,21806"
-1.0,-0.4482758620689655,"7393,18954","7393,8321"
1.0,0.5,"12094,13491","12094,23457"
-1.0,-0.3846153846153846,"13496,26286","8339,13496"
-1.0,-0.3125,"2859,13972","6061,13972"
1.0,1.0,"7297,8177","7297,18845"
-1.0,-1.0,"13519,18294","13518,13519"
-1.0,-1.0,"7182,7581","7182,8022"
1.0,-0.52,"8833,20538","9718,20538"
-1.0,-1.0,"7172,18715","7172,8013"
-1.0,-0.5357142857142857,"13311,26008","8916,13311"
-1.0,-0.4838709677419355,"13337,15346","8631,13337"
-1.0,-1.0,"8812,8813","8230,8812"
-1.0,-1.0,"13323,26027","13323,13638"
1.0,1.0,"8790,8821","7067,8790"
1.0,1.0,"13268,13302","13268,25957"
-1.0,-1.0,"8094,19719","7510,8094"
1.0,1.0,"8870,13240","13240,25920"
1.0,1.0,"7603,8856","7603,15296"
1.0,-1.0,"13286,18410","8377,18410"
1.0,0.4761904761904761,"12489,13288","12489,26737"
1.0,0.1358024691358024,"2565,7205","2565,24927"
-1.0,-1.0,"13387,26121","13387,13390"
1.0,0.2941176470588235,"5446,7276","5446,25345"
1.0,-0.6153846153846154,"7266,18811","8628,18811"
-1.0,-0.7866666666666666,"7935,19567","2066,7935"
1.0,0.5357142857142857,"9008,13395","9008,20744"
1.0,0.5,"8759,12442","12442,24890"
1.0,0.1578947368421052,"1859,8791","1859,20879"
-1.0,-0.3777777777777777,"8806,20504","4749,8806"
-1.0,-0.4186046511627907,"8804,13553","5338,8804"
1.0,-1.0,"13350,18569","7009,18569"
-1.0,-0.5625,"13375,26100","3612,13375"
1.0,0.3571428571428571,"7250,7443","7443,21240"
-1.0,-1.0,"7421,7689","7689,7996"
1.0,-0.5,"13764,24661","12247,24661"
-1.0,-1.0,"8358,20024","8358,13826"
1.0,0.4146341463414634,"5509,13755","5509,19421"
-1.0,-1.0,"13757,26611","13757,13776"
1.0,-0.3793103448275862,"8337,20004","7651,20004"
-1.0,-0.1162790697674418,"13903,26798","1887,13903"
-1.0,-0.5925925925925926,"8384,20060","8181,8384"
1.0,1.0,"13724,13738","13738,26580"
-1.0,-0.675,"13908,26803","4935,13908"
1.0,-0.34375,"8382,20059","12709,20059"
-1.0,-0.5277777777777778,"13749,26594","7111,13749"
-1.0,-0.4230769230769231,"7671,18764","7671,8921"
-1.0,-0.5,"7759,19377","7759,9671"
-1.0,-1.0,"8293,19959","8293,13151"
-1.0,-1.0,"6953,7760","6952,7760"
1.0,-1.0,"13830,20585","8879,20585"
1.0,0.4074074074074074,"8257,8445","6350,8445"
-1.0,-0.6825396825396826,"7791,19401","2873,7791"
1.0,1.0,"8083,13851","8083,19701"
-1.0,-0.3823529411764705,"13787,26643","6261,13787"
1.0,-0.5694444444444444,"13880,15244","3123,15244"
1.0,0.3191489361702128,"6167,13814","6167,20994"
1.0,0.5666666666666667,"8109,13810","8109,19734"
1.0,1.0,"7509,13585","13585,26386"
-1.0,-1.0,"7512,19082","7512,8964"
-1.0,-1.0,"814,1098","779,814"
1.0,0.5,"9643,13621","9643,21497"
-1.0,-0.4583333333333333,"13643,19394","6117,13643"
1.0,-0.5901639344262295,"803,14223","3620,14223"
1.0,-0.5652173913043478,"8509,20175","9895,20175"
1.0,0.0,"6099,13584","6099,6473"
1.0,0.6774193548387096,"6472,8571","6472,18012"
1.0,1.0,"13237,13579","13237,25913"
1.0,-0.5238095238095238,"8579,20247","12266,20247"
1.0,1.0,"13613,13614","13613,26412"
1.0,1.0,"13159,13954","13159,25806"
1.0,1.0,"7469,8442","8442,20105"
1.0,-0.44,"13609,25207","9693,25207"
1.0,0.5217391304347826,"10702,13948","10702,22810"
1.0,1.0,"1519,13602","1519,14430"
-1.0,-0.5454545454545454,"13699,26527","11501,13699"
1.0,-0.4642857142857143,"7611,19176","8747,19176"
1.0,-0.5238095238095238,"7848,19471","12443,19471"
-1.0,-0.3823529411764705,"7599,19163","6243,7599"
-1.0,-0.6333333333333333,"13925,26823","7210,13925"
-1.0,-0.5833333333333334,"7608,19171","7608,9349"
-1.0,-0.5,"8418,14269","8418,12866"
1.0,0.2244897959183673,"4857,13662","4857,24307"
1.0,0.5652173913043478,"10067,13664","10067,22014"
-1.0,-0.1057692307692307,"7549,11450","2343,7549"
1.0,1.0,"8952,13658","8952,20676"
1.0,-0.4583333333333333,"13657,24216","9986,24216"
-1.0,-0.7428571428571429,"13672,26498","2388,13672"
1.0,0.2166666666666666,"1459,5190","5190,22565"
-1.0,-0.5254237288135594,"13080,25706","4255,13080"
1.0,1.0,"8898,9015","9015,20757"
1.0,1.0,"14058,14059","14059,26982"
1.0,0.6491228070175439,"3482,8085","3482,15463"
-1.0,-0.7857142857142857,"9037,20784","2833,9037"
1.0,0.7454545454545455,"3106,8042","3106,15235"
-1.0,-0.5454545454545454,"14112,21149","11039,14112"
-1.0,-0.6515151515151515,"8947,20668","2941,8947"
-1.0,-0.4,"13153,25795","4834,13153"
1.0,-0.3513513513513513,"9005,20740","5594,20740"
1.0,-0.5454545454545454,"8039,19665","10810,19665"
1.0,1.0,"13112,13113","13113,25743"
-1.0,-0.3225806451612903,"8019,19642","6399,8019"
1.0,-0.5652173913043478,"14104,21830","9911,21830"
-1.0,-0.3636363636363636,"6960,18511","6286,6960"
-1.0,-0.4909090909090909,"7047,18602","4726,7047"
1.0,0.4482758620689655,"8093,8238","8238,8995"
1.0,0.0,"5833,6888","5833,9630"
-1.0,-0.2253521126760563,"7022,18579","2263,7022"
-1.0,-0.4285714285714285,"8931,20654","6421,8931"
1.0,-0.3015873015873015,"8073,18516","5254,18516"
1.0,0.7659574468085106,"3573,13141","3573,15524"
1.0,0.5,"6996,12780","12780,25317"
1.0,-0.5,"13110,21299","9467,21299"
1.0,-0.3578947368421052,"8877,15725","1999,15725"
-0.9418604651162792,0.0581395348837209,"554,557","554,25921"
-0.9328859060402684,0.0671140939597315,"683,14198","683,26698"
-0.9241379310344828,0.0379310344827586,"252,14128","252,24183"
-0.8974358974358975,0.1025641025641025,"1000,14258","1000,23396"
-0.896,0.104,"904,14242","904,21774"
-0.875,0.125,"1476,14416","1476,24411"
-0.8554216867469879,0.144578313253012,"1637,14486","1637,23047"
0.8507462686567164,-0.8507462686567164,"2130,6837","2130,6837"
-0.8461538461538461,0.1538461538461538,"2226,14724","2226,25454"
-0.8392857142857143,0.1607142857142857,"1144,14303","1144,18999"
-0.8387096774193549,0.1612903225806451,"2358,14791","2358,25270"
-0.8382352941176471,0.1617647058823529,"2165,14688","2165,24616"
-0.8333333333333334,0.1666666666666666,"2456,14851","2456,25525"
-0.8333333333333334,0.1666666666666666,"2474,14860","2474,26055"
-0.8313856427378965,0.1686143572621035,"110,14120","110,14271"
-0.8305084745762712,0.1694915254237288,"2527,14893","2527,25786"
-0.8305084745762712,0.1694915254237288,"2547,14899","2547,26229"
-0.8216216216216217,0.1135135135135135,"599,14184","599,17850"
-0.8214285714285714,0.1785714285714285,"2736,15023","2736,27023"
-0.8166666666666667,0.1833333333333333,"2569,14906","2569,25051"
-0.8142857142857143,0.1857142857142857,"2173,14696","2173,22501"
-0.8113207547169812,0.1886792452830188,"2945,15129","2945,26649"
-0.8112244897959183,0.1377551020408163,"567,14175","567,16596"
-0.8035714285714286,0.1964285714285714,"2755,15039","2755,24396"
-0.7924528301886793,0.2075471698113207,"3039,15198","3039,25027"
-0.7916666666666666,0.2083333333333333,"3401,15411","3401,26395"
-0.7916666666666666,0.2083333333333333,"3374,15389","3374,20265"
-0.7894736842105263,0.2105263157894736,"2785,15054","2785,23643"
-0.7884615384615384,0.2115384615384615,"3081,15227","3081,24280"
-0.7875,0.2125,"1914,14576","1914,15165"
-0.7843137254901961,0.2156862745098039,"3167,15267","3167,7527"
-0.782608695652174,0.217391304347826,"3557,15513","3557,25528"
-0.782608695652174,0.217391304347826,"3554,15509","3554,25441"
-0.78,0.22,"3237,15309","3237,18160"
-0.7777777777777778,0.2222222222222222,"3006,15182","3006,23229"
-0.7777777777777778,0.2222222222222222,"2575,14911","2575,21571"
-0.7777777777777778,0.2222222222222222,"2208,14715","2208,20250"
-0.7777777777777778,0.2222222222222222,"1659,14495","1659,18221"
-0.7752808988764045,0.1123595505617977,"1711,14511","1711,26052"
-0.7692307692307693,0.2307692307692307,"3213,15291","3213,22319"
-0.7681159420289855,0.2318840579710145,"2329,14772","2329,19961"
-0.7674418604651163,0.2325581395348837,"1832,10616","1832,18350"
-0.7619047619047619,0.238095238095238,"4147,15933","4147,26582"
-0.7608695652173914,0.2391304347826087,"3767,15666","3767,25116"
-0.7578947368421053,0.2421052631578947,"647,14189","647,15012"
-0.7555555555555555,0.2444444444444444,"3821,15699","3821,24320"
-0.7551020408163265,0.2448979591836734,"3502,15479","3502,23401"
-0.7536231884057971,0.2463768115942029,"2372,14799","2372,19457"
-0.75,0.25,"4008,15828","4008,9589"
-0.75,0.25,"3264,15324","3264,21951"
-0.75,0.25,"4365,16115","4365,25764"
-0.7457627118644068,0.2542372881355932,"2802,15064","2802,20473"
0.7454545454545455,0.7454545454545455,"3115,5979","3115,15240"
-0.7441860465116279,0.2558139534883721,"4124,15917","4124,24614"
-0.7441860465116279,0.2558139534883721,"3332,4043","4043,23762"
0.7435897435897436,0.7435897435897436,"4510,11432","4510,16231"
-0.7435897435897436,0.2564102564102564,"4603,16312","4603,26883"
-0.7384615384615385,0.2615384615384615,"2579,14915","2579,16387"
-0.7380952380952381,0.2619047619047619,"2836,4260","4260,24485"
-0.7380952380952381,0.2619047619047619,"4314,16067","4314,24948"
-0.7358490566037735,0.2641509433962264,"3322,15367","3322,21487"
-0.734375,0.265625,"2649,14958","2649,19454"
-0.7333333333333333,0.2666666666666666,"3971,15794","3971,23206"
-0.7333333333333333,0.2666666666666666,"3897,15749","3897,22627"
-0.7307692307692307,0.2692307692307692,"3393,15403","3393,21179"
-0.7297297297297297,0.2702702702702703,"4864,16529","4864,26040"
-0.7297297297297297,0.2702702702702703,"4914,16582","4914,26473"
0.7297297297297297,0.5428571428571428,"4833,7102","7102,18657"
-0.7297297297297297,0.2702702702702703,"4841,16510","4841,25841"
-0.7291666666666666,0.2708333333333333,"3725,15637","3725,22195"
-0.7289719626168224,0.102803738317757,"1463,14410","1463,24837"
-0.7281553398058253,0.116504854368932,"1526,14433","1526,22801"
-0.7272727272727273,0.2727272727272727,"4068,15875","4068,22917"
-0.726027397260274,0.273972602739726,"2341,14779","2341,18301"
-0.725,0.275,"4478,16199","4478,23906"
-0.7236842105263158,0.1447368421052631,"2265,14747","2265,21278"
-0.723404255319149,0.2765957446808511,"3839,15711","3839,22150"
-0.7222222222222222,0.2777777777777778,"5144,16779","5144,26557"
-0.7195121951219512,0.2804878048780488,"2074,14646","2074,17405"
-0.7192982456140351,0.2807017543859649,"3066,15219","3066,19912"
-0.717948717948718,0.282051282051282,"4659,16354","4659,24113"
-0.7142857142857143,0.2857142857142857,"5296,16911","5296,25985"
-0.7142857142857143,0.2857142857142857,"5239,16860","5239,25535"
-0.7142857142857143,0.2857142857142857,"5303,16921","5303,26066"
-0.7142857142857143,0.2857142857142857,"4450,16183","4450,23736"
-0.7142857142857143,0.2857142857142857,"4363,16114","4363,22940"
-0.7142857142857143,0.2857142857142857,"3733,15644","3733,21246"
-0.7111111111111111,0.2888888888888888,"4081,15883","4081,21943"
0.7111111111111111,0.7111111111111111,"4070,7090","4070,15876"
-0.7105263157894737,0.2894736842105263,"4959,16612","4959,25048"
0.7105263157894737,-0.0,"4960,8876","1989,8876"
-0.7090909090909091,-0.7090909090909091,"3263,15323","3263,13870"
0.7083333333333334,-0.6071428571428571,"3861,15728","7888,15728"
-0.7058823529411765,0.2941176470588235,"5455,17056","5455,19478"
-0.7058823529411765,0.2941176470588235,"5530,17125","5530,25931"
-0.7049180327868853,-0.7049180327868853,"2940,15127","2940,8100"
-0.7027027027027027,0.2972972972972973,"5069,16691","5069,24340"
0.7,0.7,"2969,8162","2969,15151"
-0.7,0.3,"4736,16429","4736,23471"
-0.6981132075471698,0.3018867924528302,"3460,15448","3460,19869"
0.6976744186046512,0.6976744186046512,"3046,4389","4389,16133"
-0.696969696969697,0.303030303030303,"5789,17374","5789,26093"
-0.6944444444444444,0.3055555555555556,"2507,14875","2507,17765"
-0.6944444444444444,0.3055555555555556,"1544,14436","1544,15813"
-0.6935483870967742,0.3064516129032258,"2917,15120","2917,18632"
-0.6933333333333334,0.1333333333333333,"2394,14809","2394,26780"
-0.6891891891891891,0.3108108108108108,"2407,14821","2407,17327"
-0.6875,0.3125,"5946,17526","5946,25337"
-0.6875,0.3125,"3974,15799","3974,14534"
-0.6875,0.3125,"6116,17695","6116,26455"
0.6857142857142857,0.6857142857142857,"5648,12774","5648,17241"
-0.6857142857142857,0.3142857142857143,"5471,17069","5471,23959"
-0.6857142857142857,0.3142857142857143,"5484,17082","5484,24035"
-0.6842105263157895,0.3157894736842105,"3310,15359","3310,19166"
-0.6842105263157895,0.6842105263157895,"5119,9433","5119,9433"
-0.6829268292682927,0.3170731707317073,"4689,16388","4689,19423"
-0.6825396825396826,0.1587301587301587,"2958,15141","2958,26880"
-0.6808510638297872,0.3191489361702128,"4137,15925","4137,20911"
-0.6774193548387096,0.3225806451612903,"6263,11932","6263,20163"
-0.6774193548387096,0.3225806451612903,"6436,17974","6436,26405"
-0.6774193548387096,0.3225806451612903,"6255,17812","6255,25436"
-0.6774193548387096,0.3225806451612903,"6336,6339","6336,25881"
-0.6774193548387096,0.3225806451612903,"6506,18045","6506,26776"
-0.6764705882352942,0.3235294117647059,"5766,10437","5766,22495"
-0.6764705882352942,0.0955882352941176,"1181,14314","1181,22454"
-0.6764705882352942,0.3235294117647059,"5690,17284","5690,23882"
-0.6756756756756757,0.3243243243243243,"5348,16967","5348,23366"
0.6734693877551021,-0.6734693877551021,"4024,7691","4024,7691"
-0.673469387755102,0.3265306122448979,"3911,15756","3911,19817"
-0.6730769230769231,0.3269230769230769,"3656,15581","3656,19291"
-0.671875,0.328125,"2930,15123","2930,17985"
-0.6666666666666667,0.6666666666666667,"6071,12536","6071,12536"
0.6666666666666666,-0.5,"6101,17682","10132,17682"
-0.6666666666666666,0.3333333333333333,"6050,17626","6050,24322"
-0.6666666666666666,0.3333333333333333,"6757,18292","6757,26307"
-0.6666666666666666,0.3333333333333333,"6698,18220","6698,25954"
-0.6666666666666666,0.3333333333333333,"6721,18249","6721,26110"
-0.6666666666666666,0.3333333333333333,"4335,16091","4335,20437"
-0.6666666666666666,0.3333333333333333,"5993,17566","5993,24006"
-0.6666666666666666,0.3333333333333333,"6065,17652","6065,24475"
-0.6666666666666666,0.3333333333333333,"5968,17544","5968,23908"
-0.6615384615384615,0.3384615384615385,"2910,15117","2910,17631"
-0.6607142857142857,0.3392857142857143,"3488,15033","3488,18621"
-0.66,-0.6599999999999999,"3994,15816","3994,9233"
-0.6595744680851063,0.3404255319148936,"4310,16063","4310,20280"
-0.6571428571428571,0.3428571428571428,"5758,17355","5758,23063"
-0.6571428571428571,0.3428571428571428,"5726,17319","5427,5726"
-0.6571428571428571,0.3428571428571428,"5697,17293","5697,6588"
-0.65625,0.34375,"6405,17934","6405,18669"
-0.65625,0.34375,"6343,17882","6343,24271"
-0.6551724137931034,0.3448275862068966,"6938,18483","6938,25510"
-0.6551724137931034,0.3448275862068966,"6956,18508","6956,25621"
-0.6551724137931034,0.3448275862068966,"7170,18713","7170,20229"
0.6551724137931034,0.3793103448275862,"7126,7416","7416,23662"
-0.6551724137931034,0.3448275862068966,"7048,18603","7048,26056"
-0.6551724137931034,0.3448275862068966,"6891,18427","6891,25242"
-0.6547619047619048,0.2023809523809523,"2225,14723","2225,19325"
-0.6486486486486487,0.6486486486486487,"1856,5549","1856,5549"
-0.6470588235294118,0.3529411764705882,"6145,17726","6145,19285"
-0.6470588235294118,0.3529411764705882,"6087,17672","6087,23316"
-0.6451612903225806,0.3548387096774194,"6581,18109","6581,23866"
-0.6451612903225806,0.3548387096774194,"6849,18375","6849,24972"
-0.6451612903225806,0.3548387096774194,"6874,18404","6874,25149"
-0.6428571428571429,0.3571428571428571,"7472,19041","7472,26246"
-0.6428571428571429,0.3571428571428571,"7451,19023","7451,26160"
-0.6428571428571429,0.3571428571428571,"7357,18929","7357,25730"
-0.6428571428571429,-0.6428571428571428,"7536,19107","7267,7536"
-0.6428571428571429,-0.6428571428571428,"7589,19154","7589,8794"
-0.6428571428571429,0.3571428571428571,"7364,18935","7364,25748"
-0.6410256410256411,0.2179487179487179,"2451,14847","2451,19299"
-0.6410256410256411,0.358974358974359,"5399,17000","5399,21438"
-0.640625,0.15625,"3062,15213","3062,25527"
-0.6388888888888888,0.3611111111111111,"5856,17445","5856,22329"
-0.6363636363636364,0.3636363636363636,"6468,18005","6468,23456"
-0.6341463414634146,0.3658536585365853,"5057,16683","5057,20657"
-0.6333333333333333,0.1833333333333333,"3424,15426","3424,16403"
0.6333333333333333,0.6333333333333333,"6991,8924","6991,18553"
-0.6333333333333333,0.3666666666666666,"7059,18614","7059,24414"
-0.6333333333333333,0.3666666666666666,"7169,18712","7169,24798"
-0.6326530612244898,0.3673469387755102,"4302,16057","4302,15021"
-0.6296296296296297,0.3703703703703703,"7864,19488","7864,22193"
-0.6296296296296297,0.3703703703703703,"7780,19392","7780,25672"
-0.6296296296296297,0.3703703703703703,"8056,19675","8056,26708"
-0.6296296296296297,0.3703703703703703,"7717,19329","7717,25428"
-0.6296296296296297,0.3703703703703703,"7901,19523","7901,26190"
-0.6296296296296297,0.3703703703703703,"7956,19594","7956,16215"
-0.6296296296296297,0.3703703703703703,"7907,19535","7907,26218"
-0.6296296296296297,0.3703703703703703,"7992,19624","7992,26521"
-0.6285714285714286,0.3714285714285714,"6030,17611","6030,21940"
-0.6285714285714286,0.3714285714285714,"5958,17537","5958,21639"
-0.627906976744186,0.3720930232558139,"4818,16498","4818,19924"
-0.625,0.375,"3218,15293","3218,17222"
-0.625,0.375,"6806,18337","6806,23458"
-0.6216216216216216,0.3783783783783784,"5829,17422","5829,21262"
-0.6216216216216216,0.3783783783783784,"5801,17389","5801,21132"
-0.6206896551724138,0.3793103448275862,"7470,14401","7470,24534"
-0.6206896551724138,0.3793103448275862,"7284,16601","7284,23811"
-0.6206896551724138,0.2298850574712643,"2280,14756","2280,18222"
-0.6206896551724138,0.3793103448275862,"7547,19119","7547,24764"
-0.6206896551724138,0.0862068965517241,"1596,14466","1596,25412"
-0.6206896551724138,0.3793103448275862,"7275,18816","7275,23764"
-0.6206896551724138,0.3793103448275862,"7338,18902","7338,24057"
-0.62,0.38,"4188,15970","4188,18451"
-0.6190476190476191,0.3809523809523809,"5094,16716","5094,20088"
-0.6190476190476191,0.3809523809523809,"5171,16796","5171,20297"
-0.6181818181818182,-0.6181818181818182,"3791,15680","3791,9205"
-0.6176470588235294,0.3823529411764705,"6455,17996","6455,22295"
-0.6176470588235294,0.3823529411764705,"6325,8464","6325,21910"
-0.6176470588235294,0.3823529411764705,"6282,17835","6282,21779"
-0.6162790697674418,0.127906976744186,"2311,14764","2311,23777"
-0.6153846153846154,0.3846153846153846,"8524,20192","8524,26461"
-0.6153846153846154,0.3846153846153846,"8556,20219","8556,26535"
-0.6153846153846154,0.3846153846153846,"8406,20082","8406,26126"
-0.6153846153846154,0.3846153846153846,"8227,19867","8227,25545"
-0.6153846153846154,0.3846153846153846,"5578,17165","5578,20798"
0.6142857142857143,-0.4761904761904761,"2946,15130","3948,15130"
-0.6136363636363636,0.6136363636363636,"4902,12169","4902,12169"
-0.6136363636363636,0.3863636363636363,"4955,16609","4955,19692"
-0.6129032258064516,0.3870967741935484,"6897,18441","6897,22650"
-0.6129032258064516,0.3870967741935484,"7076,18628","7076,23221"
-0.6129032258064516,0.3870967741935484,"7198,18735","7198,23512"
-0.6129032258064516,0.3870967741935484,"7005,18566","7005,23016"
-0.6129032258064516,0.3870967741935484,"7088,18644","7088,12953"
-0.6101694915254238,0.3898305084745763,"3640,15573","3640,17486"
-0.6097560975609756,0.3902439024390244,"5243,16862","5243,19874"
-0.609375,0.390625,"3291,15342","3291,16963"
-0.6086956521739131,-0.6086956521739131,"4704,16401","4704,11580"
-0.6074766355140186,0.2242990654205607,"1858,14561","1858,17187"
-0.6071428571428571,0.1785714285714285,"3859,15726","3859,26511"
-0.6071428571428571,0.3928571428571428,"7986,19619","7986,24750"
-0.6071428571428571,0.3928571428571428,"7958,19599","7958,24665"
-0.6071428571428571,0.3928571428571428,"7792,19403","7792,24098"
-0.6071428571428571,0.3928571428571428,"7861,19485","7861,24356"
-0.6071428571428571,0.3928571428571428,"7913,19539","7913,24529"
-0.6071428571428571,0.3928571428571428,"7704,19313","7704,23874"
-0.6071428571428571,0.3928571428571428,"7805,19420","7805,17687"
-0.6071428571428571,0.3928571428571428,"3845,15718","3845,17670"
-0.6060606060606061,0.3939393939393939,"6557,18087","6557,21582"
-0.6046511627906976,0.1395348837209302,"1443,14403","1443,18846"
-0.6037735849056604,0.2075471698113207,"4153,15943","4153,17430"
-0.6031746031746031,0.3968253968253968,"3398,15406","3398,16954"
0.6,-0.6,"7087,8997","7087,8997"
-0.6,0.4,"8965,20689","8965,26005"
-0.6,0.4,"7304,16813","7304,22722"
-0.6,0.4,"8822,20525","8822,25609"
0.6,-0.4305555555555556,"6423,16038","3104,16038"
-0.6,0.4,"8881,20587","8881,25768"
-0.6,0.4,"8982,20711","8982,26046"
-0.6,0.4,"7339,18903","7339,22865"
0.6,-0.1833333333333333,"9073,20814","2524,20814"
-0.5972222222222222,0.4027777777777778,"1748,2932","2932,3571"
-0.5961538461538461,0.4038461538461538,"4306,16061","4306,18026"
-0.5952380952380952,0.4047619047619047,"5300,16919","5300,19493"
-0.5952380952380952,0.4047619047619047,"5294,16908","5294,19467"
-0.5945945945945946,0.4054054054054054,"6069,17655","6069,20767"
0.5945945945945946,0.52,"6175,10000","10000,21926"
-0.5945945945945946,0.4054054054054054,"5954,17533","5954,20444"
-0.59375,0.40625,"6983,18540","6983,21857"
-0.59375,0.40625,"3358,15379","3358,16656"
-0.59375,0.40625,"6995,18559","6995,21905"
-0.59375,0.40625,"6964,18514","6964,17487"
-0.5932203389830508,0.2033898305084746,"3701,15614","3701,23045"
-0.5925925925925926,0.4074074074074074,"2043,4080","4080,10259"
-0.5925925925925926,0.4074074074074074,"8256,19907","8256,24068"
-0.5925925925925926,0.4074074074074074,"8684,20367","8684,25185"
-0.5925925925925926,0.4074074074074074,"8619,20291","8619,24970"
-0.5925925925925926,0.4074074074074074,"8353,20019","8353,24312"
-0.5925925925925926,0.4074074074074074,"8298,19963","8298,24189"
-0.5925925925925926,0.4074074074074074,"8704,20397","8704,16531"
-0.5925925925925926,0.4074074074074074,"8546,20213","8546,24768"
-0.5925925925925926,0.4074074074074074,"8705,20399","8705,17547"
-0.5923076923076923,0.0769230769230769,"1479,14419","1479,26468"
-0.5915492957746479,0.4084507042253521,"3044,15200","3044,16313"
-0.5909090909090909,0.4090909090909091,"5095,16717","5095,19024"
-0.5903614457831325,0.2771084337349397,"2570,14907","2570,17497"
-0.5892857142857143,0.4107142857142857,"3964,15790","3964,17139"
-0.5882352941176471,0.1470588235294117,"3143,15257","3143,25467"
-0.5862068965517241,0.4137931034482758,"8107,19732","8107,23701"
-0.5862068965517241,0.4137931034482758,"7866,19494","7866,23144"
-0.5862068965517241,0.4137931034482758,"8133,19757","8133,23747"
-0.5862068965517241,0.4137931034482758,"7680,19283","7680,22641"
-0.5862068965517241,0.4137931034482758,"7714,19327","7714,22726"
-0.5862068965517241,0.4137931034482758,"7687,19300","7687,22669"
0.5862068965517241,-0.3232323232323232,"7777,15871","3064,15871"
-0.5833333333333334,0.4166666666666667,"6305,17853","6305,20566"
-0.5833333333333334,0.4166666666666667,"9412,21216","9412,26336"
-0.5833333333333334,0.4166666666666667,"9359,21150","9359,26181"
-0.5833333333333334,0.4166666666666667,"9599,21437","9599,22342"
-0.5833333333333334,0.4166666666666667,"9358,21148","9358,26180"
-0.5833333333333334,0.4166666666666667,"9403,21201","9403,26303"
-0.5833333333333334,0.4166666666666667,"9522,21353","9522,26571"
-0.5833333333333334,0.4166666666666667,"9676,21539","9676,22288"
-0.5833333333333334,0.4166666666666667,"9437,21264","9437,26424"
-0.582089552238806,0.1492537313432835,"3280,15331","3280,26107"
-0.5813953488372093,0.4186046511627907,"5364,16981","5364,19100"
-0.5806451612903226,0.4193548387096774,"7431,18997","7431,20224"
-0.5806451612903226,0.4193548387096774,"7277,18821","7277,21584"
-0.5806451612903226,0.4193548387096774,"7365,18936","7365,21852"
-0.5806451612903226,0.2096774193548387,"3613,15552","3613,5325"
-0.5789473684210527,0.4210526315789473,"6106,17690","6106,20173"
-0.5789473684210527,0.4210526315789473,"2820,15074","2820,15898"
-0.5769230769230769,0.4230769230769231,"8999,20728","8999,24399"
-0.5769230769230769,0.4230769230769231,"9035,20783","9035,24518"
-0.5769230769230769,0.4230769230769231,"8923,20640","8923,24260"
-0.5769230769230769,0.4230769230769231,"8740,20429","8740,23840"
0.5769230769230769,0.5769230769230769,"8868,9268","9268,21016"
-0.5769230769230769,0.4230769230769231,"8720,20409","8720,23786"
-0.5769230769230769,0.4230769230769231,"8730,20418","8730,23820"
-0.5769230769230769,0.4230769230769231,"8773,20460","8773,23899"
-0.5769230769230769,0.4230769230769231,"9290,21043","9290,25062"
-0.5769230769230769,0.4230769230769231,"9048,20791","9048,24549"
-0.5737704918032787,0.4262295081967213,"3737,15645","3737,16764"
-0.5714285714285714,0.4285714285714285,"8485,20144","8485,23319"
-0.5714285714285714,0.4285714285714285,"8589,20256","8589,23479"
-0.5714285714285714,0.4285714285714285,"8224,19862","8224,22800"
-0.5714285714285714,0.4285714285714285,"6713,18239","6713,20719"
-0.5714285714285714,0.4285714285714285,"6815,18346","6815,20941"
-0.5694444444444444,0.4305555555555556,"3084,15228","3084,16011"
-0.5681818181818182,0.4318181818181818,"2511,14878","2511,15436"
-0.5675675675675675,-0.5675675675675675,"6519,18055","5643,6519"
-0.5675675675675675,0.4324324324324324,"6483,18018","6483,20259"
-0.5675675675675675,0.4324324324324324,"6368,17905","6368,10848"
-0.5675675675675675,0.4324324324324324,"6463,17998","6463,20208"
-0.5666666666666667,0.4333333333333333,"7895,19519","7895,22100"
-0.5666666666666667,0.4333333333333333,"7743,19353","7743,21707"
-0.5666666666666667,0.4333333333333333,"7930,19561","7930,22177"
-0.5666666666666667,0.4333333333333333,"7739,19350","7739,21700"
-0.5666666666666667,0.4333333333333333,"7934,19566","7934,22183"
-0.5652173913043478,0.144927536231884,"3301,15353","3301,26584"
-0.5652173913043478,0.4347826086956521,"9271,10034","10034,25933"
-0.5652173913043478,0.4347826086956521,"10161,22135","10161,26238"
-0.5652173913043478,0.4347826086956521,"9826,21730","9826,25540"
0.5652173913043478,0.5588235294117647,"6965,10345","6965,18520"
-0.5652173913043478,0.4347826086956521,"9875,21798","9875,25639"
0.5652173913043478,-0.3246753246753247,"9972,16888","2370,16888"
-0.5652173913043478,0.4347826086956521,"9887,21811","9887,25656"
-0.5652173913043478,0.4347826086956521,"10106,22065","10106,26094"
-0.5652173913043478,0.4347826086956521,"10373,22411","10373,26691"
-0.5652173913043478,0.4347826086956521,"10377,22421","10377,26712"
-0.5652173913043478,0.4347826086956521,"10110,22069","10110,26101"
-0.5652173913043478,0.4347826086956521,"9755,21636","9755,25386"
-0.5652173913043478,0.4347826086956521,"10483,22549","10483,26951"
-0.5636363636363636,0.2363636363636363,"4324,16076","4324,22554"
-0.5625,0.4375,"4980,16634","4980,18082"
-0.5625,0.21875,"3617,15556","3617,21281"
-0.5609756097560976,0.1341463414634146,"2697,14998","2697,24140"
-0.56,0.44,"9581,21424","9581,24949"
-0.56,0.44,"9484,21313","9484,15261"
0.56,-0.56,"9510,13719","9510,13719"
-0.56,0.44,"9525,21356","9525,24817"
-0.559322033898305,0.1864406779661017,"3945,15778","3945,24182"
-0.5588235294117647,0.4411764705882353,"7213,18752","4798,7213"
-0.5588235294117647,0.4411764705882353,"7163,9479","7163,20910"
-0.5555555555555556,0.4444444444444444,"9263,21012","9263,23603"
-0.5555555555555556,0.4444444444444444,"8933,20656","8933,23064"
0.5555555555555556,-0.5,"9094,20854","9999,20854"
-0.5555555555555556,0.4444444444444444,"8766,20454","8766,22719"
-0.5529411764705883,0.2117647058823529,"2664,14969","2664,19054"
-0.5526315789473685,0.4473684210526316,"6441,17978","6441,19600"
-0.5522388059701493,0.1492537313432835,"3522,15488","3522,26804"
-0.5517241379310345,-0.5,"8310,19977","8310,11864"
-0.5517241379310345,0.4482758620689655,"8564,20230","8564,22343"
-0.5517241379310345,0.4482758620689655,"8582,20249","8582,22362"
-0.55,0.45,"5951,17531","5951,18847"
-0.55,0.45,"6040,17621","6040,18973"
-0.5488721804511278,0.3082706766917293,"1586,14460","1586,15231"
-0.546875,0.15625,"3708,15619","3708,26006"
-0.5454545454545454,0.4545454545454545,"11079,17571","11079,23881"
-0.5454545454545454,0.4545454545454545,"11265,23466","11265,26575"
-0.5454545454545454,0.4545454545454545,"7594,11448","11448,26941"
-0.5454545454545454,0.4545454545454545,"11055,23253","11055,26237"
-0.5454545454545454,0.4545454545454545,"10671,22763","10671,25476"
-0.5454545454545454,0.4545454545454545,"11267,17057","11267,26577"
-0.5454545454545454,0.4545454545454545,"11366,23567","11366,26756"
-0.5454545454545454,0.4545454545454545,"11099,23302","11099,26326"
-0.5454545454545454,0.4545454545454545,"11178,23409","11178,26467"
-0.5454545454545454,0.4545454545454545,"11473,23729","11473,26998"
-0.5454545454545454,0.4545454545454545,"10808,22944","10808,25767"
-0.5454545454545454,0.4545454545454545,"11488,23742","11488,27017"
-0.5454545454545454,0.4545454545454545,"11081,23289","11081,26296"
-0.5454545454545454,0.4545454545454545,"10935,23123","10935,26023"
-0.5454545454545454,0.4545454545454545,"11497,23751","11497,27030"
-0.5454545454545454,0.4545454545454545,"10612,22686","10612,25368"
-0.5454545454545454,0.4545454545454545,"10867,23026","10867,25865"
-0.5454545454545454,0.4545454545454545,"10870,23031","10870,25873"
-0.5454545454545454,0.4545454545454545,"5657,17249","5657,18399"
-0.5454545454545454,0.4545454545454545,"10964,23163","10964,26071"
-0.5454545454545454,0.4545454545454545,"11090,23298","11090,26310"
-0.5454545454545454,0.4545454545454545,"7274,18815","7274,20402"
-0.5434782608695652,0.2391304347826087,"5230,16853","5230,23951"
-0.5434782608695652,0.4565217391304347,"5378,16989","5378,18013"
0.5434782608695652,-0.1847826086956521,"5324,16940","1543,16940"
-0.5416666666666666,-0.3928571428571428,"10070,22016","7879,10070"
-0.5416666666666666,0.4583333333333333,"10004,21932","10004,24247"
-0.5416666666666666,0.4583333333333333,"9744,21623","9744,23857"
-0.5416666666666666,0.4583333333333333,"10534,22600","10534,25231"
-0.5416666666666666,0.4583333333333333,"10532,22598","10532,25228"
-0.5416666666666666,0.4583333333333333,"10131,22088","10131,24463"
-0.5416666666666666,0.4583333333333333,"10521,22589","10521,25208"
-0.5416666666666666,0.4583333333333333,"10269,22272","10269,24712"
-0.5416666666666666,0.4583333333333333,"10292,22312","10292,24763"
-0.5405405405405406,0.4594594594594595,"6866,18398","6866,19722"
-0.5405405405405406,0.4594594594594595,"6883,18419","6883,19753"
-0.5384615384615384,0.4615384615384615,"9629,21476","9629,23629"
-0.5384615384615384,0.4615384615384615,"9660,21522","9660,23692"
-0.5384615384615384,0.4615384615384615,"9623,21463","9623,23615"
-0.5384615384615384,0.4615384615384615,"9346,21123","9346,23201"
0.5384615384615384,0.5238095238095238,"9454,12282","12282,24706"
-0.5384615384615384,0.4615384615384615,"9399,21196","9399,23283"
-0.5384615384615384,0.4615384615384615,"6486,18022","6486,19153"
-0.5384615384615384,0.4615384615384615,"9587,21430","9587,20870"
-0.5357142857142857,0.4642857142857143,"9236,15136","9236,22431"
-0.5357142857142857,0.4642857142857143,"9038,20785","9038,17700"
-0.5357142857142857,0.4642857142857143,"8792,20485","8792,21688"
-0.5357142857142857,0.4642857142857143,"9006,20741","9006,22077"
-0.5348837209302325,0.4651162790697674,"5683,17276","5683,18106"
-0.5348837209302325,-0.4761904761904761,"5842,17437","5842,12705"
-0.5333333333333333,0.4666666666666667,"8640,20312","8640,21456"
-0.5333333333333333,0.4666666666666667,"8061,8609","8609,21409"
-0.5319148936170213,0.2553191489361702,"5289,16903","5289,23053"
-0.5319148936170213,0.2127659574468085,"5285,16899","5285,25887"
-0.53125,0.46875,"7938,19569","7938,20821"
-0.5306122448979592,0.4693877551020408,"5183,16807","5183,17496"
-0.5306122448979592,0.2244897959183673,"5170,16794","5170,24965"
-0.5306122448979592,0.4693877551020408,"5123,11423","5123,17419"
-0.5294117647058824,0.4705882352941176,"7345,18911","7345,19916"
-0.5294117647058824,0.4705882352941176,"7641,19223","7641,20330"
-0.5294117647058824,0.4705882352941176,"7660,19249","7660,20363"
-0.5294117647058824,0.4705882352941176,"4813,16491","4813,17088"
-0.528,-0.528,"1811,14545","1811,8446"
-0.5277777777777778,0.2407407407407407,"2158,14685","2158,16723"
-0.5277777777777778,0.4722222222222222,"7264,18806","7264,19756"
-0.5272727272727272,0.2545454545454545,"4583,16291","4583,21385"
0.5263157894736843,0.5263157894736842,"6723,8168","6723,18253"
-0.5263157894736842,0.1929824561403508,"4339,16097","4339,23905"
-0.5263157894736842,0.4736842105263157,"6569,18099","6569,18834"
-0.5245901639344263,0.2295081967213114,"4170,15950","4170,21506"
-0.5238095238095238,0.4761904761904761,"11633,23922","11633,25457"
-0.5238095238095238,0.4761904761904761,"11836,24184","11836,25801"
-0.5238095238095238,0.4761904761904761,"11606,23871","11606,25383"
0.5238095238095238,-0.5238095238095238,"7269,12713","7269,12713"
-0.5238095238095238,0.4761904761904761,"12041,24427","12041,26113"
-0.5238095238095238,0.4761904761904761,"11960,24310","11960,25982"
0.5238095238095238,-0.3571428571428571,"11926,16150","4410,16150"
-0.5238095238095238,0.4761904761904761,"12035,24416","12035,26097"
-0.5238095238095238,0.4761904761904761,"12070,24451","12070,26139"
-0.5238095238095238,0.4761904761904761,"12162,24571","12162,26280"
-0.5238095238095238,0.4761904761904761,"12575,25058","12575,26857"
-0.5238095238095238,0.4761904761904761,"11747,24078","11747,25678"
-0.5238095238095238,0.4761904761904761,"12648,25010","12648,26948"
-0.5238095238095238,0.4761904761904761,"11729,24046","11729,25640"
-0.5238095238095238,0.4761904761904761,"11707,24024","11707,25604"
-0.5238095238095238,0.4761904761904761,"11690,23986","11690,25558"
-0.5238095238095238,0.4761904761904761,"11616,23885","11616,25403"
-0.5238095238095238,0.4761904761904761,"12433,24880","12433,26665"
-0.5238095238095238,0.4761904761904761,"12491,24939","12491,26738"
-0.5238095238095238,0.4761904761904761,"12493,24943","12493,26743"
-0.5238095238095238,0.4761904761904761,"12561,25033","12561,26837"
-0.5217391304347826,0.5217391304347826,"10696,11135","10696,11135"
-0.5217391304347826,0.4782608695652174,"10660,22748","10660,23919"
-0.5217391304347826,0.5217391304347826,"5520,10877","5520,10877"
-0.5217391304347826,0.4782608695652174,"11365,23566","11365,24960"
-0.5217391304347826,0.4782608695652174,"10672,22767","10672,23943"
-0.5217391304347826,0.4782608695652174,"10857,23007","10857,24222"
-0.5217391304347826,0.4782608695652174,"10835,22984","10835,24194"
-0.5217391304347826,0.4782608695652174,"11337,23538","4420,11337"
-0.5217391304347826,0.4782608695652174,"10745,22864","10745,24056"
-0.5217391304347826,0.4782608695652174,"11244,23453","11244,24791"
-0.5217391304347826,0.4782608695652174,"11505,23756","11505,25241"
-0.5207100591715976,0.2189349112426035,"1242,14336","1242,15454"
-0.52,0.48,"10469,22525","10469,23677"
-0.52,0.48,"10514,22577","10514,23725"
-0.52,0.48,"9958,21875","9958,22953"
-0.52,0.48,"10542,22609","10542,23755"
-0.52,0.48,"10427,22481","10427,23622"
-0.52,0.48,"9941,21859","9941,17365"
-0.52,0.48,"10167,22141","10167,18035"
-0.52,0.48,"8586,9913","9913,22910"
-0.52,0.48,"9929,21848","9929,22921"
-0.52,0.48,"9804,21691","9804,22778"
-0.52,0.48,"10290,22309","10290,23437"
-0.52,0.48,"9981,21908","9981,22996"
-0.5185185185185185,0.4814814814814814,"9414,21219","9414,22196"
-0.5185185185185185,0.4814814814814814,"9393,21188","9393,22159"
-0.5185185185185185,0.1851851851851851,"4676,16379","4676,25974"
-0.5185185185185185,0.2777777777777778,"4733,16421","4733,20921"
-0.5185185185185185,0.4814814814814814,"4780,16462","4780,16819"
-0.5185185185185185,0.4814814814814814,"9627,21470","9627,22480"
-0.5172413793103449,0.4827586206896552,"9012,20750","9012,21126"
-0.5172413793103449,0.4827586206896552,"9213,20973","9213,21393"
-0.5172413793103449,0.4827586206896552,"9259,21009","9259,21445"
-0.5172413793103449,0.4827586206896552,"9291,21046","9291,21489"
-0.5172413793103449,0.4827586206896552,"999,5652","999,8252"
-0.5172413793103449,0.4827586206896552,"9191,20946","9191,21364"
-0.5172413793103449,0.4827586206896552,"9127,20890","9127,21293"
-0.5164835164835165,0.3186813186813186,"2682,14982","2682,16323"
-0.5161290322580645,0.4838709677419355,"8306,19973","8306,20612"
-0.5161290322580645,0.4838709677419355,"8266,19927","8266,20559"
-0.5151515151515151,0.2878787878787879,"3800,15688","3800,18533"
-0.5151515151515151,0.4848484848484848,"8080,19695","8080,20315"
-0.5151515151515151,0.4848484848484848,"7929,19557","7929,20129"
-0.5151515151515151,0.4848484848484848,"7794,19404","7794,19929"
-0.5135135135135135,0.4864864864864865,"6894,18430","6894,18817"
-0.5135135135135135,0.2702702702702703,"3344,15374","3344,18108"
-0.5121951219512195,0.2439024390243902,"6464,18000","6464,26524"
-0.5119047619047619,0.4880952380952381,"2896,11373","2896,11205"
-0.5111111111111111,0.2222222222222222,"5932,17512","5932,27033"
-0.5098039215686274,0.4901960784313725,"5099,16724","5099,16939"
-0.5084745762711864,0.2203389830508474,"4366,16116","4366,21885"
-0.5061728395061729,0.2345679012345679,"3063,15215","3063,18506"
-0.5053763440860215,0.1290322580645161,"2640,14952","2640,22786"
-0.5,0.5,"12726,20115","12726,25263"
0.5,-0.5,"7975,13082","7975,13082"
-0.5,0.5,"4403,9959","4403,9959"
-0.5,0.5,"9435,21259","9435,21260"
-0.5,0.1470588235294117,"3813,15694","3813,25831"
-0.5,0.5,"8694,20375","8694,20374"
0.5,-0.5,"7795,13688","7795,13688"
-0.5,0.5,"13882,26765","13882,26764"
-0.5,0.5,"9825,21728","9825,21729"
-0.5,0.1636363636363636,"2233,14725","2233,18889"
-0.5,0.5,"10756,22881","10756,22880"
-0.5,0.5,"10593,21995","10593,22661"
-0.5,0.5,"12773,25306","9431,12773"
-0.5,0.5,"12776,25309","12776,25310"
-0.5,0.5,"13509,26299","13509,26298"
-0.5,0.5,"11843,13012","11843,13012"
-0.5,0.5,"14074,26999","14074,27000"
-0.5,0.5,"13751,26596","13751,26597"
-0.5,0.5,"12524,24982","12524,24983"
-0.5,0.5,"11780,24109","11780,24110"
-0.5,0.125,"2598,14920","2598,23145"
-0.5,0.5,"8755,20446","8755,20445"
-0.5,0.5,"12316,24756","12316,24757"
-0.5,0.3,"4358,16110","4358,18922"
-0.5,0.5,"13997,26913","13997,26914"
-0.5,0.5,"10454,22514","10454,22513"
-0.5,0.5,"12959,25543","12959,25542"
0.5,-0.5,"10392,13874","10392,13874"
-0.5,0.5,"13140,25777","13140,25778"
-0.5,-0.5,"13951,26850","5776,13951"
-0.5,-0.5,"12938,25519","7880,12938"
-0.5,0.3,"3770,15670","3770,18068"
-0.5,0.3076923076923077,"5067,16686","5067,20026"
-0.5,0.5,"9750,11894","11894,24243"
-0.5,0.2708333333333333,"5577,17164","5577,22165"
-0.5,0.5,"9113,20876","9113,20875"
-0.5,0.5,"11942,24297","11942,24296"
-0.5,0.5,"11853,24207","11853,24206"
-0.5,0.5,"12869,25437","12869,25438"
-0.5,0.3066666666666666,"1540,14435","1540,15006"
-0.5,0.3285714285714285,"3666,15592","3666,17288"
-0.5,0.25,"6685,18210","6685,25876"
-0.5,0.203125,"4160,15947","4160,22432"
-0.5,0.5,"12104,24490","12104,17556"
-0.5,0.5,"13863,26733","13863,26732"
0.4909090909090909,-0.4217687074829932,"4801,14590","1954,14590"
-0.4909090909090909,0.2363636363636363,"4786,16466","4786,19940"
-0.4901960784313725,0.2156862745098039,"5340,16956","5340,24591"
-0.4883720930232558,0.2790697674418604,"6299,17848","6299,22896"
-0.4878048780487805,0.1626016260162601,"2035,14624","2035,18237"
-0.4868421052631579,0.2105263157894736,"3533,15494","3533,20354"
0.4864864864864865,0.4864864864864865,"7121,11096","7121,19078"
-0.4821428571428571,0.2142857142857142,"4930,16597","4930,19046"
-0.4814814814814814,0.2777777777777778,"5174,16801","5174,21020"
0.48,0.48,"2159,9912","9912,22905"
-0.48,-0.48,"10481,23702","10481,11955"
-0.48,0.3,"5600,17186","5600,20860"
-0.48,0.28,"5640,17233","5640,21432"
-0.4772727272727273,0.25,"6393,17925","6393,24459"
-0.4769230769230769,0.2923076923076923,"4241,16007","4241,18577"
0.4761904761904761,-0.2857142857142857,"11591,23191","8408,23191"
0.4761904761904761,-0.3947368421052631,"11744,20893","9132,20893"
-0.475,0.275,"7234,18771","7234,25060"
-0.4736842105263157,0.2631578947368421,"7283,18831","7283,25298"
-0.4736842105263157,0.2456140350877192,"4961,16613","4961,21488"
-0.4729729729729729,0.1351351351351351,"3744,15653","3744,26587"
-0.4727272727272727,0.3272727272727272,"5113,16744","5113,19055"
-0.4725274725274725,0.3406593406593406,"2918,15121","2918,16029"
-0.4705882352941176,0.4705882352941176,"7294,12235","7294,12235"
0.4705882352941176,-0.4571428571428571,"7432,20055","7228,20055"
-0.4666666666666667,-0.4666666666666667,"8693,21552","6835,8693"
-0.4653465346534653,0.1881188118811881,"2683,14983","2683,18805"
-0.4634146341463415,0.2926829268292683,"7040,18589","7040,23106"
0.4615384615384615,-0.4615384615384615,"9480,11625","9480,11625"
-0.4615384615384615,0.282051282051282,"7323,18881","7323,23977"
-0.4615384615384615,0.282051282051282,"7483,18320","7483,24569"
-0.4594594594594595,-0.4594594594594594,"6744,19546","3421,6744"
0.4545454545454546,-0.4545454545454546,"11194,13124","11194,13124"
-0.4545454545454545,0.2727272727272727,"6712,18234","6712,23138"
-0.4528301886792453,0.320754716981132,"5491,17086","5491,14789"
-0.4523809523809524,0.3095238095238095,"7253,18792","7253,22557"
-0.45,-0.4499999999999999,"6062,19018","6062,9485"
-0.45,0.25,"7598,19161","7598,26654"
-0.4479166666666667,0.4375,"2895,15109","2895,15170"
-0.4477611940298507,0.2537313432835821,"4406,16148","4406,19553"
-0.4464285714285714,0.2142857142857142,"5295,16909","5295,23073"
-0.4444444444444444,0.2222222222222222,"5480,17079","5480,22823"
-0.4444444444444444,0.2777777777777778,"8436,20102","8436,26217"
-0.4427480916030534,0.1755725190839694,"2121,14670","2121,17455"
-0.4421052631578947,0.2,"2988,15167","2988,18526"
-0.4418604651162791,0.2790697674418604,"7136,18688","7136,23388"
-0.4418604651162791,0.3023255813953488,"6931,18474","6931,21673"
-0.4415584415584415,0.2207792207792207,"3876,15732","3876,19676"
-0.4406779661016949,0.1694915254237288,"5044,16673","5044,25809"
-0.4406779661016949,0.3898305084745763,"5141,16777","5141,17440"
-0.4392523364485981,0.2803738317757009,"2639,14951","2639,16100"
-0.4390243902439024,0.2439024390243902,"7322,18880","7322,21380"
-0.4390243902439024,0.2926829268292683,"7417,18984","7417,23121"
-0.4375,0.375,"4645,16343","4645,17077"
-0.4366197183098591,0.2957746478873239,"4217,15993","4217,17839"
-0.4363636363636363,0.3454545454545454,"5631,17219","5631,18730"
-0.4358974358974359,0.3076923076923077,"7877,19508","7877,23181"
-0.4347826086956522,0.4347826086956522,"5061,6540","5061,6540"
-0.4347826086956521,0.2826086956521739,"6641,18174","6641,21796"
-0.4333333333333333,-0.4333333333333333,"8054,22415","8054,14072"
0.4333333333333333,-0.3823529411764705,"7926,22166","6427,22166"
-0.4324324324324324,0.2702702702702703,"8667,20337","8667,18894"
-0.4324324324324324,0.2702702702702703,"8204,19846","8204,25497"
-0.4324324324324324,0.2702702702702703,"8625,20295","8625,26772"
-0.4307692307692308,0.3692307692307692,"4725,16416","4725,17197"
-0.4285714285714285,0.238095238095238,"7640,19220","7640,26866"
-0.4270833333333333,0.1875,"3116,15242","3116,19133"
-0.4259259259259259,0.2222222222222222,"5780,17369","5780,23154"
-0.425531914893617,0.2340425531914893,"6826,18358","6826,24862"
-0.425531914893617,0.3617021276595745,"6556,18086","6556,19274"
-0.425,0.3,"7755,19366","7755,22812"
-0.425,0.3,"7961,19602","7961,23384"
-0.4230769230769231,0.0641025641025641,"1399,14540","1399,25415"
-0.4222222222222222,0.2444444444444444,"6924,18470","6924,23901"
-0.421875,0.421875,"4901,16569","4901,16570"
-0.4210526315789473,0.4035087719298245,"5459,17061","5459,17294"
-0.4202898550724637,0.2753623188405797,"4470,16197","4470,18461"
-0.42,0.22,"6309,17855","6309,24126"
-0.4193548387096774,0.4193548387096774,"7471,9937","7471,9937"
-0.4188034188034188,0.2735042735042735,"2541,14897","2541,15906"
-0.417910447761194,0.1492537313432835,"4745,16439","4745,26697"
-0.4177215189873418,0.2658227848101265,"3905,15752","3905,17793"
-0.4166666666666667,0.2083333333333333,"6690,18214","6690,25916"
-0.4166666666666667,0.3055555555555556,"9085,20846","9085,24618"
-0.4166666666666667,0.2291666666666666,"6658,18190","6658,24135"
-0.4166666666666667,0.3055555555555556,"8752,20443","8752,23862"
-0.4150943396226415,0.1886792452830188,"6026,17604","6026,25844"
-0.4148936170212766,0.1808510638297872,"3243,15313","3243,19318"
-0.4133333333333333,0.1155555555555555,"977,14307","977,16736"
-0.4117647058823529,0.2941176470588235,"9614,21454","9614,26815"
-0.4117647058823529,0.2205882352941176,"4660,16357","4660,20568"
-0.4117647058823529,0.2745098039215686,"6400,17929","6400,21147"
-0.4102564102564102,0.282051282051282,"8451,20116","8451,24546"
-0.4090909090909091,-0.409090909090909,"5020,18900","5020,12817"
-0.4090909090909091,0.2954545454545454,"7609,19172","7609,22414"
-0.4090909090909091,0.2954545454545454,"7663,19257","7663,22585"
-0.4086021505376344,0.2580645161290322,"3423,15425","3423,17234"
-0.4074074074074074,0.2222222222222222,"6105,17689","6105,23379"
-0.4074074074074074,0.2777777777777778,"6186,17763","6186,21038"
-0.4054054054054054,0.3243243243243243,"8886,20599","8886,22970"
-0.4054054054054054,0.3918918918918919,"4442,16176","4442,16307"
-0.4054054054054054,0.2972972972972973,"9286,21037","9286,25053"
-0.4047619047619047,0.3333333333333333,"7887,19514","7887,21119"
-0.4047619047619047,0.238095238095238,"3834,15709","3834,18271"
-0.4047619047619047,0.238095238095238,"7808,19432","7808,25815"
0.4,0.4,"4038,9300","9300,26891"
-0.4,0.3333333333333333,"5647,17239","5647,18384"
-0.4,0.4,"7318,14048","7318,14048"
-0.4,0.26,"6599,18130","6599,21677"
-0.3962264150943396,0.3962264150943396,"6443,17981","6443,17982"
-0.3953488372093023,0.3255813953488372,"7973,19608","7973,21279"
-0.3953488372093023,0.2558139534883721,"7990,19622","7990,24770"
-0.3939393939393939,0.303030303030303,"9738,21616","9738,25342"
-0.392156862745098,0.196078431372549,"6462,18328","6462,26505"
-0.392156862745098,0.3137254901960784,"6770,18306","6770,20159"
-0.3902439024390244,0.2926829268292683,"8672,20347","8672,23690"
-0.39,0.36,"3293,15347","3293,15550"
-0.3898305084745763,0.3050847457627119,"5692,17287","5692,18861"
0.3870967741935484,0.3870967741935484,"6930,7700","6930,22753"
-0.3863636363636363,0.3409090909090909,"7786,19396","7786,20550"
-0.3859649122807017,0.3859649122807017,"3683,5537","3683,5537"
-0.3846153846153846,-0.3846153846153846,"5545,20713","5545,12930"
-0.3846153846153846,0.3269230769230769,"6672,18201","6672,19433"
-0.3846153846153846,0.3333333333333333,"8878,20583","8878,21867"
-0.3833333333333333,0.3416666666666667,"2718,15011","2718,15238"
0.3829787234042553,0.3829787234042553,"4588,9584","4588,19185"
-0.3823529411764705,0.3235294117647059,"9945,21864","9945,24144"
-0.3823529411764705,0.3235294117647059,"10159,22130","10159,24521"
-0.3823529411764705,0.3235294117647059,"10160,22134","10160,24531"
-0.3823529411764705,0.3235294117647059,"10091,22047","10091,24386"
-0.3818181818181818,0.3454545454545454,"6224,17790","6224,18433"
-0.3809523809523809,0.3095238095238095,"8251,19903","8251,21803"
-0.3809523809523809,0.3015873015873015,"5438,17042","5438,18444"
-0.3809523809523809,0.3571428571428571,"8649,20323","8649,21034"
-0.38,0.36,"7232,18770","7232,19213"
-0.3783783783783784,0.3243243243243243,"9602,21444","9602,23590"
-0.3777777777777777,0.3333333333333333,"7932,19563","7932,20813"
-0.3777777777777777,0.2666666666666666,"7729,19341","7729,22762"
-0.375,0.3125,"11159,23383","11159,26422"
-0.375,0.3125,"10984,23178","10984,26105"
-0.375,0.3,"8885,20597","8885,22966"
-0.375,0.3125,"11087,23296","11087,26308"
-0.3734939759036144,0.1325301204819277,"4226,15997","4226,24090"
-0.3725490196078431,0.2941176470588235,"7243,18780","7243,21054"
-0.3720930232558139,0.3255813953488372,"8588,20255","8588,21370"
-0.3720930232558139,0.3023255813953488,"8587,20254","8587,22367"
-0.3714285714285714,-0.3714285714285714,"6076,22127","6076,14113"
-0.3714285714285714,-0.3714285714285714,"5974,21681","5974,10267"
-0.3714285714285714,0.2857142857142857,"10312,22339","10312,26552"
-0.3714285714285714,0.3142857142857143,"10181,22158","10181,24556"
-0.3714285714285714,0.3285714285714285,"4981,16635","4981,17265"
-0.3661971830985915,0.1830985915492957,"5080,16705","5080,22043"
-0.3653846153846153,0.3269230769230769,"7118,18671","7118,19583"
-0.3636363636363636,0.3295454545454545,"4127,15920","4127,16267"
-0.3636363636363636,0.303030303030303,"11314,23514","11314,26668"
-0.3636363636363636,0.3636363636363636,"8142,19763","8142,19764"
-0.3636363636363636,0.3409090909090909,"8397,20074","8397,20739"
-0.3636363636363636,0.3333333333333333,"10852,23004","10852,24214"
-0.3636363636363636,0.2272727272727272,"7626,20307","7626,26806"
-0.3623188405797101,0.1739130434782608,"5284,16897","5284,23020"
-0.3617021276595745,0.3191489361702128,"8086,19710","8086,21044"
-0.3611111111111111,0.3055555555555556,"10094,22050","10094,24391"
-0.3611111111111111,0.3055555555555556,"10434,22492","10434,25042"
-0.3611111111111111,0.3055555555555556,"10347,22374","10347,24849"
-0.36,0.1333333333333333,"4805,16482","4805,25570"
-0.358974358974359,0.358974358974359,"9653,21510","9653,21511"
0.3586956521739131,-0.3586956521739131,"1235,2051","1235,2051"
-0.3582089552238806,0.1791044776119403,"1962,14924","1962,17180"
-0.3571428571428571,-0.3571428571428571,"7493,26306","7493,13100"
-0.3559322033898305,0.3389830508474576,"6347,17887","6347,18215"
-0.3548387096774194,0.3225806451612903,"12562,25038","12562,26841"
-0.3548387096774194,-0.3548387096774194,"6802,24781","4223,6802"
-0.3548387096774194,0.3225806451612903,"11925,18439","11925,25918"
-0.3529411764705882,0.2745098039215686,"7233,19214","7233,21484"
-0.3529411764705882,0.1764705882352941,"1883,14919","1883,17131"
-0.3529411764705882,0.3529411764705882,"11384,23594","11384,23593"
-0.3529411764705882,0.2941176470588235,"10777,22904","10777,25708"
-0.3529411764705882,0.3235294117647059,"10799,22935","10799,24139"
-0.3513513513513513,0.2972972972972973,"10368,22397","10368,24887"
-0.35,0.325,"9658,21514","9658,21247"
-0.3488372093023256,-0.3488372093023255,"4680,20700","4680,6998"
-0.3478260869565217,0.217391304347826,"6825,20263","6825,26639"
-0.3472222222222222,0.1666666666666666,"3667,16843","3667,22738"
-0.3469387755102041,0.3265306122448979,"7925,19556","7925,20128"
-0.3461538461538461,0.1923076923076923,"7298,18851","7298,25384"
-0.34375,0.3125,"12275,24696","12275,26447"
-0.34375,0.34375,"11680,23968","11680,23967"
-0.34375,0.3125,"12511,24971","12511,26762"
-0.3428571428571428,0.3428571428571428,"10674,22770","10674,22769"
-0.3414634146341463,0.2682926829268293,"8610,21416","8610,24925"
-0.3406593406593406,0.1208791208791208,"2513,15966","2513,23804"
-0.34,0.33,"3860,15727","3860,15824"
-0.3396226415094339,0.1886792452830188,"7461,19032","7461,26194"
-0.3389830508474576,0.2542372881355932,"6748,18285","6748,20793"
-0.3387096774193548,0.1612903225806451,"6522,18060","6522,26888"
-0.3387096774193548,0.1935483870967742,"4519,17897","4519,23090"
0.3378378378378378,-0.3378378378378378,"2543,8415","2543,8415"
-0.3333333333333333,0.3333333333333333,"6291,6606","6291,6606"
-0.3333333333333333,0.3333333333333333,"1940,4454","1940,4454"
-0.3333333333333333,0.3148148148148148,"6892,9101","6892,19272"
-0.3333333333333333,0.3333333333333333,"12771,25301","12771,25302"
-0.3333333333333333,0.2666666666666666,"5546,18235","5546,20048"
-0.3333333333333333,0.2564102564102564,"8461,22164","8461,26288"
0.3278688524590164,0.3278688524590163,"2249,3055","3055,18112"
-0.3278688524590163,0.1393442622950819,"1867,15298","1867,19681"
-0.3269230769230769,0.1923076923076923,"5347,19587","5347,26389"
-0.3269230769230769,0.2692307692307692,"8052,19673","8052,21407"
-0.3269230769230769,0.3076923076923077,"6939,19355","6939,19849"
-0.3265306122448979,0.3061224489795918,"7501,20152","7501,20844"
0.325,-0.1123595505617977,"4797,21649","1431,21649"
-0.3246753246753247,0.2337662337662337,"3843,16950","3843,19051"
-0.3235294117647059,0.2352941176470588,"6180,17755","6180,20298"
-0.3225806451612903,0.2741935483870967,"6607,18136","6607,19352"
-0.3220338983050847,0.2033898305084746,"7021,18578","7021,23057"
-0.3214285714285714,0.2857142857142857,"6203,19251","6203,20365"
-0.3214285714285714,0.2857142857142857,"6016,18939","6016,19946"
-0.3195876288659793,0.1030927835051546,"2735,16082","2735,27021"
-0.3157894736842105,0.3157894736842105,"9539,23491","9539,23492"
-0.3157894736842105,0.2631578947368421,"8280,22938","8280,25757"
-0.3150684931506849,0.1780821917808219,"5892,17485","5892,22482"
0.3148148148148147,-0.3148148148148147,"1572,2447","1572,2447"
-0.3146067415730337,0.3033707865168539,"4629,16332","4629,16469"
-0.3142857142857143,0.3142857142857143,"10500,25166","10500,25165"
0.3142857142857143,-0.3142857142857143,"4263,5604","4263,5604"
-0.3116883116883117,-0.3116883116883117,"2316,17046","2316,3319"
-0.3111111111111111,0.2222222222222222,"6470,21354","6470,26572"
-0.3111111111111111,0.2222222222222222,"9555,21399","9555,26679"
-0.3090909090909091,0.2,"7675,19278","7675,23789"
-0.3076923076923077,0.2153846153846154,"4305,18356","4305,21378"
-0.3061224489795918,-0.3061224489795918,"3875,20984","3875,8113"
-0.3061224489795918,-0.3061224489795918,"3787,20434","3787,6138"
-0.3061224489795918,0.2244897959183673,"5861,20934","5861,24812"
-0.3061224489795918,0.2653061224489796,"6495,20987","6495,22419"
-0.3043478260869565,0.1884057971014492,"3721,17945","3721,22154"
-0.3015873015873015,0.2539682539682539,"7241,18778","7241,20333"
-0.3,0.25,"7514,23375","7514,26406"
-0.3,0.2333333333333333,"7494,19056","7494,21207"
-0.2950819672131147,0.180327868852459,"7332,18892","7332,24017"
-0.293103448275862,0.1724137931034483,"4267,19541","4267,26235"
-0.2926829268292683,0.2682926829268293,"7606,23532","7606,24907"
-0.2926829268292683,0.2439024390243902,"6967,22891","6967,25685"
-0.2911392405063291,0.1392405063291139,"4415,17420","4415,24654"
0.2909090909090909,-0.2909090909090909,"3249,8261","3249,8261"
-0.2894736842105263,-0.2894736842105263,"4836,24191","4836,11670"
-0.2884615384615384,0.1923076923076923,"8988,20716","8988,26063"
-0.288135593220339,0.1694915254237288,"7852,19474","7852,25979"
-0.2857142857142857,0.2678571428571428,"5326,10511","5326,9608"
-0.2857142857142857,0.2678571428571428,"5202,19772","5202,20414"
-0.2837837837837837,0.2162162162162162,"5514,17868","5514,19965"
-0.2804878048780488,0.1219512195121951,"4289,17421","4289,26408"
-0.2777777777777778,0.2777777777777778,"4990,7216","4990,7216"
-0.2765957446808511,0.2340425531914893,"5852,22322","5852,24783"
-0.2758620689655172,0.2068965517241379,"4346,19858","4346,22798"
0.275,0.275,"4616,6989","4616,25197"
-0.275,0.275,"7650,25124","7650,25123"
-0.2682926829268293,0.2682926829268293,"7258,25205","7258,25204"
-0.268041237113402,0.2268041237113402,"2536,16690","2536,17627"
0.2666666666666667,-0.2666666666666667,"3953,10903","3953,10903"
-0.2666666666666666,0.2222222222222222,"5864,23468","5864,26581"
-0.2660550458715596,0.146788990825688,"1889,16257","1889,20106"
0.2631578947368421,-0.2325581395348837,"4748,25797","3946,25797"
-0.2622950819672131,0.2459016393442623,"4353,19922","4353,20552"
-0.2615384615384615,0.2461538461538461,"4051,19326","4051,19820"
-0.26,0.22,"5074,22029","5074,24373"
-0.2558139534883721,0.2325581395348837,"6202,25163","6202,26968"
-0.25,0.2083333333333333,"3320,19217","3320,21040"
-0.2465753424657534,0.2054794520547945,"3228,19260","3228,21098"
-0.2452830188679245,0.2452830188679245,"8596,22380","8596,22379"
0.2439024390243902,0.2439024390243902,"4206,11743","4206,25511"
-0.2428571428571428,0.1571428571428571,"4055,19332","4055,23920"
-0.2421052631578947,0.1263157894736842,"2036,17398","2036,23241"
0.2380952380952381,0.238095238095238,"4047,11996","4047,15547"
-0.2337662337662337,-0.2337662337662337,"2078,19076","1290,2078"
0.2325581395348837,-0.2325581395348837,"4032,6954","4032,6954"
-0.23,0.22,"2235,17324","2235,17585"
-0.2291666666666666,0.2083333333333333,"4870,24405","4870,26083"
-0.2272727272727272,0.1666666666666666,"3223,21033","3223,25047"
-0.2244897959183673,0.2040816326530612,"4661,24123","4661,25738"
-0.2244897959183673,0.2040816326530612,"8508,24663","8508,26413"
-0.2238805970149253,-0.2238805970149253,"2374,20673","2374,8861"
-0.2236842105263158,0.2236842105263158,"3007,19524","3007,19525"
-0.2183908045977011,-0.2183908045977011,"1742,18651","1742,9093"
-0.2181818181818181,0.2181818181818181,"6323,22994","6323,22995"
-0.217391304347826,0.1666666666666666,"1315,16134","1315,17371"
-0.2156862745098039,0.1372549019607843,"1834,17756","1834,21440"
-0.2150537634408602,0.2150537634408602,"1588,13516","1588,13516"
-0.21,0.21,"2122,18024","2122,18023"
-0.2073170731707317,0.1219512195121951,"3445,19305","3445,25346"
-0.2027027027027027,0.1486486486486486,"3654,20411","3654,23792"
-0.2,-0.1999999999999999,"3209,26440","3209,7762"
-0.1981981981981982,0.1171171171171171,"1511,17678","1511,22214"
-0.1954887218045112,0.1729323308270676,"1343,16776","1343,17439"
-0.1929824561403508,0.1929824561403508,"5554,24426","5554,24425"
-0.1910828025477707,0.1719745222929936,"2313,16089","2313,16470"
-0.1904761904761904,0.1904761904761904,"3260,23001","3260,23002"
-0.1724137931034483,-0.1724137931034483,"2581,25566","2581,7474"
-0.171875,0.15625,"2866,23785","2866,25280"
-0.1709401709401709,-0.1709401709401709,"1097,18167","1097,7190"
-0.1703703703703703,0.1259259259259259,"1135,17452","1135,19643"
-0.1666666666666666,0.1333333333333333,"1929,20855","1929,23362"
-0.1639344262295081,-0.1639344262295081,"2403,25416","2403,3915"
-0.1639344262295081,0.1639344262295081,"5288,25905","5288,25906"
-0.1639344262295081,-0.1639344262295081,"2405,25515","2405,13342"
-0.1621621621621621,0.1486486486486486,"2406,22806","2406,23976"
-0.1587301587301587,0.1587301587301587,"2323,12833","2323,12833"
-0.1481481481481481,0.1481481481481481,"2135,22772","2135,22773"
-0.1478260869565217,0.1391304347826087,"1383,19726","1383,20344"
0.1470588235294118,0.1470588235294117,"2099,7066","2099,15710"
-0.1395348837209302,0.1162790697674418,"3096,23223","3096,26165"
0.1237113402061855,0.1237113402061855,"1316,3641","1316,23166"
-0.12,0.0933333333333333,"1593,19229","1593,21503"
-0.1111111111111111,0.0401891252955082,"170,14970","170,19565"
-0.1059602649006622,0.0728476821192053,"980,20181","980,24687"
-0.1048034934497816,0.1048034934497816,"161,377","161,377"
-0.0763358778625954,0.0763358778625954,"931,26863","931,26862"
-0.0,-0.0,"3831,11679","3831,11679"
0.0,0.0,"8066,12137","8066,12137"
-0.0,-0.0,"3704,12913","3704,12913"
-0.0,-0.0,"515,8450","515,8450"
0.0,0.0,"10778,13038","10778,13038"
0.0,0.0,"8864,9760","8864,9760"
-0.0,-0.0,"3743,8018","3743,8018"
-0.0,-0.0,"1720,2651","1720,2651"
0.0,0.0,"11639,12218","11639,12218"
-0.0,-0.0,"8449,9381","8449,9381"
-0.0,-0.0,"3435,11634","3435,11634"
0.0,0.0,"10367,11671","10367,11671"
-0.0,-0.0,"3858,7974","3858,7974"
-0.0,-0.0,"1270,11532","1270,11532"
-0.0,-0.0,"3498,6013","3498,6013"
0.0,0.0,"11930,13099","11930,13099"
0.0,0.0,"10924,14046","10924,14046"
-0.0,-0.0,"9664,13471","9664,13471"
-0.0,-0.0,"6936,10127","6936,10127"
0.0,0.0,"4408,6136","4408,6136"
-0.0,-0.0,"3877,7610","3877,7610"
-0.0,-0.0,"3713,6426","3713,6426"
-0.0,-0.0,"7016,9831","7016,9831"
-0.0,-0.0,"11593,13071","11593,13071"
-0.0,-0.0,"2175,6970","2175,6970"
-0.0,-0.0,"4731,7625","4731,7625"
-0.0,-0.0,"3060,3784","3060,3784"
0.0,0.0,"12708,14110","12708,14110"
0.0,0.0,"3766,7257","3766,7257"
-0.0,-0.0,"6592,12850","6592,12850"
-0.0,-0.0,"5983,7624","5983,7624"
0.0,0.0,"1662,6688","1662,6688"
0.0,0.0,"7312,9764","7312,9764"
0.0,0.0,"6785,8021","6785,8021"
0.0,0.0,"11629,13635","11629,13635"
0.0,0.0,"13376,14082","13376,14082"
-0.0,-0.0,"8051,12455","8051,12455"
0.0,0.0,"7131,11623","7131,11623"
0.0,0.0,"3492,12403","3492,12403"
0.0,0.0,"7282,11575","7282,11575"
-0.0,-0.0,"5333,11435","5333,11435"
0.0,0.0,"3982,8341","3982,8341"
-0.0,-0.0,"4031,6604","4031,6604"
-0.0,-0.0,"2538,8944","2538,8944"
0.0,0.0,"7055,9276","7055,9276"
-0.0,-0.0,"1423,11460","1423,11460"
0.0,0.0,"7050,7953","7050,7953"
-0.0,-0.0,"4715,8096","4715,8096"
0.0,0.0,"4849,8411","4849,8411"
-0.0,-0.0,"7964,12045","7964,12045"
0.0,0.0,"3937,13008","3937,13008"
-0.0,-0.0,"6042,7034","6042,7034"
-0.0,-0.0,"7669,8409","7669,8409"
-0.0,-0.0,"3916,8906","3916,8906"
-0.0,-0.0,"7967,9014","7967,9014"
-0.0,-0.0,"2038,3529","2038,3529"
-0.0,-0.0,"3968,5058","3968,5058"
0.0,0.0,"3963,4529","3963,4529"
-0.0,-0.0,"11768,11846","11768,11846"
0.0,0.0,"8101,9306","8101,9306"
0.0,0.0,"3541,11713","3541,11713"
0.0,0.0,"5437,9711","5437,9711"
-0.0,-0.0,"3622,13527","3622,13527"
0.0,0.0,"4539,7999","4539,7999"
-0.0,-0.0,"3889,13806","3889,13806"
-0.0,-0.0,"11696,12981","11696,12981"
0.0,0.0,"3886,4826","3886,4826"
-0.0,-0.0,"3632,6330","3632,6330"
-0.0,-0.0,"1446,11691","1446,11691"
0.0,0.0,"1759,5700","1759,5700"
-0.0,-0.0,"7404,9001","7404,9001"
-0.0,-0.0,"9672,10680","9672,10680"
-0.0,-0.0,"8072,10331","8072,10331"
0.0,0.0,"3638,5824","3638,5824"
-0.0,-0.0,"4789,9339","4789,9339"
-0.0,-0.0,"7995,11239","7995,11239"
0.0,0.0,"10948,11711","10948,11711"
0.0,0.0,"7914,7972","7914,7972"
0.0,0.0,"5102,8725","5102,8725"
-0.0,-0.0,"7044,12743","7044,12743"
-0.0,-0.0,"206,847","206,847"
-0.0,-0.0,"13004,14006","13004,14006"
-0.0,-0.0,"6852,13696","6852,13696"
0.0,0.0,"4853,8110","4853,8110"
0.0,0.0,"1023,6537","1023,6537"
0.0,0.0,"4563,12377","4563,12377"
0.0,0.0,"4520,10955","4520,10955"
-0.0,-0.0,"2075,7495","2075,7495"
0.0,0.0,"723,1019","723,1019"
0.0,0.0,"1938,5587","1938,5587"
-0.0,-0.0,"4558,11862","4558,11862"
-0.0,-0.0,"4553,8554","4553,8554"
-0.0,-0.0,"4580,13498","4580,13498"
0.0,0.0,"10686,12328","10686,12328"
-0.0,-0.0,"4544,7554","4544,7554"
-0.0,-0.0,"10140,12637","10140,12637"
0.0,0.0,"10139,10208","10139,10208"
0.0,0.0,"3144,5595","3144,5595"
0.0,0.0,"2748,13255","2748,13255"
-0.0,-0.0,"4278,8369","4278,8369"
-0.0,-0.0,"10976,13843","10976,13843"
-0.0,-0.0,"1909,2628","1909,2628"
-0.0,-0.0,"5572,13483","5572,13483"
-0.0,-0.0,"10197,13515","10197,13515"
-0.0,-0.0,"5560,7361","5560,7361"
-0.0,-0.0,"5916,8553","5916,8553"
-0.0,-0.0,"3397,9202","3397,9202"
-0.0,-0.0,"8370,8552","8370,8552"
-0.0,-0.0,"6747,9990","6747,9990"
0.0,0.0,"9557,12453","9557,12453"
0.0,0.0,"5468,10949","5468,10949"
0.0,0.0,"5753,13261","5753,13261"
0.0,0.0,"4987,12423","4987,12423"
-0.0,-0.0,"7838,12421","7838,12421"
-0.0,-0.0,"8647,10944","8647,10944"
0.0,0.0,"7107,13259","7107,13259"
-0.0,-0.0,"6388,10734","6388,10734"
-0.0,-0.0,"10279,12822","10279,12822"
0.0,0.0,"10567,13239","10567,13239"
-0.0,-0.0,"9796,12315","9796,12315"
0.0,0.0,"5481,11027","5481,11027"
0.0,0.0,"8741,13280","8741,13280"
0.0,0.0,"871,12864","871,12864"
0.0,0.0,"9098,12311","9098,12311"
-0.0,-0.0,"4475,10317","4475,10317"
-0.0,-0.0,"6384,11354","6384,11354"
0.0,0.0,"5330,11047","5330,11047"
-0.0,-0.0,"11049,11174","11049,11174"
-0.0,-0.0,"2753,5847","2753,5847"
-0.0,-0.0,"2525,12292","2525,12292"
0.0,0.0,"906,4446","906,4446"
-0.0,-0.0,"3215,10662","3215,10662"
0.0,0.0,"2711,4634","2711,4634"
0.0,0.0,"5627,9180","5627,9180"
-0.0,-0.0,"2668,12597","2668,12597"
-0.0,-0.0,"6771,11317","6771,11317"
-0.0,-0.0,"8537,12018","8537,12018"
-0.0,-0.0,"5341,13536","5341,13536"
-0.0,-0.0,"4502,7383","4502,7383"
-0.0,-0.0,"11000,12002","11000,12002"
-0.0,-0.0,"11121,12344","11121,12344"
0.0,0.0,"6402,10360","6402,10360"
0.0,0.0,"4498,13344","4498,13344"
0.0,0.0,"8727,9971","8727,9971"
-0.0,-0.0,"4490,13356","4490,13356"
0.0,0.0,"4906,9561","4906,9561"
-0.0,-0.0,"11116,13554","11116,13554"
0.0,0.0,"9992,13555","9992,13555"
-0.0,-0.0,"3094,7778","3094,7778"
0.0,0.0,"7378,13347","7378,13347"
0.0,0.0,"416,2274","416,2274"
-0.0,-0.0,"1265,4670","1265,4670"
-0.0,-0.0,"1264,6482","1264,6482"
-0.0,-0.0,"2276,4045","2276,4045"
-0.0,-0.0,"1483,6707","1483,6707"
-0.0,-0.0,"2321,5787","2321,5787"
-0.0,-0.0,"9249,10401","9249,10401"
-0.0,-0.0,"4756,6674","4756,6674"
0.0,0.0,"5452,13721","5452,13721"
-0.0,-0.0,"1225,9859","1225,9859"
-0.0,-0.0,"4630,10800","4630,10800"
0.0,0.0,"10306,11888","10306,11888"
-0.0,-0.0,"5371,10185","5371,10185"
-0.0,-0.0,"6681,9889","6681,9889"
0.0,0.0,"5832,13316","5832,13316"
0.0,0.0,"7693,7835","7693,7835"
0.0,0.0,"3388,10733","3388,10733"
0.0,0.0,"9089,9270","9089,9270"
-0.0,-0.0,"9556,10264","9556,10264"
-0.0,-0.0,"9264,13920","9264,13920"
0.0,0.0,"12193,12684","12193,12684"
0.0,0.0,"8865,10714","8865,10714"
-0.0,-0.0,"7380,13228","7380,13228"
0.0,0.0,"7923,12515","7923,12515"
0.0,0.0,"476,6670","476,6670"
0.0,0.0,"4194,10902","4194,10902"
-0.0,-0.0,"7482,11261","7482,11261"
-0.0,-0.0,"9206,10207","9206,10207"
-0.0,-0.0,"5498,8630","5498,8630"
-0.0,-0.0,"5046,10881","5046,10881"
0.0,0.0,"2373,6304","2373,6304"
-0.0,-0.0,"1341,2421","1341,2421"
0.0,0.0,"11084,12590","11084,12590"
0.0,0.0,"9221,9907","9221,9907"
0.0,0.0,"1448,2432","1448,2432"
-0.0,-0.0,"6844,10874","6844,10874"
-0.0,-0.0,"5709,11060","5709,11060"
0.0,0.0,"500,1992","500,1992"
-0.0,-0.0,"4123,7947","4123,7947"
-0.0,-0.0,"6370,11329","6370,11329"
0.0,0.0,"7946,9322","7946,9322"
0.0,0.0,"13633,13750","13633,13750"
-0.0,-0.0,"3188,4277","3188,4277"
-0.0,-0.0,"3469,10588","3469,10588"
-0.0,-0.0,"12000,13200","12000,13200"
0.0,0.0,"6301,11875","6301,11875"
-0.0,-0.0,"2853,13760","2853,13760"
-0.0,-0.0,"5317,5867","5317,5867"
-0.0,-0.0,"11166,11963","11166,11963"
0.0,0.0,"837,4110","837,4110"
0.0,0.0,"3000,7939","3000,7939"
-0.0,-0.0,"3436,8123","3436,8123"
0.0,0.0,"9039,11076","9039,11076"
0.0,0.0,"5777,9841","5777,9841"
-0.0,-0.0,"13915,13917","13915,13917"
-0.0,-0.0,"6004,11886","6004,11886"
0.0,0.0,"5063,6326","5063,6326"
0.0,0.0,"5084,12179","5084,12179"
0.0,0.0,"12192,13835","12192,13835"
0.0,0.0,"413,7867","413,7867"
0.0,0.0,"3380,9116","3380,9116"
0.0,0.0,"11247,13707","11247,13707"
-0.0,-0.0,"13608,13619","13608,13619"
0.0,0.0,"4379,7505","4379,7505"
-0.0,-0.0,"13645,13646","13645,13646"
-0.0,-0.0,"4231,7845","4231,7845"
-0.0,-0.0,"1959,1973","1959,1973"
0.0,0.0,"7865,9491","7865,9491"
0.0,0.0,"2774,12858","2774,12858"
-0.0,-0.0,"3155,4922","3155,4922"
0.0,0.0,"4384,13195","4384,13195"
